Run Date,Action,Symbol,Description,Type,Quantity,Price ($),Commission ($),Fees ($),Accrued Interest ($),Amount ($),Cash Balance ($),Settlement Date
01/12/2026,JOURNALED JNL VS A/C TYPES (Cash),,No Description,Cash,0,0,0,0,0,-66.71,Processing,
01/12/2026,JOURNALED JNL VS A/C TYPES (Margin),,No Description,Margin,0,0,0,0,0,66.71,Processing,
01/12/2026,Electronic Funds Transfer Received (Cash),,No Description,Cash,0,0,0,0,0,600,Processing,
01/09/2026,FEE CHARGED NICE LTD ADR-EACH CNV INTO 1 ORD ILS1 (NICE) (Margin),NICE,NICE LTD ADR-EACH CNV INTO 1 ORD ILS1,Margin,0,0,0,0,0,-0.04,10.4,
01/09/2026,YOU BOUGHT NETFLIX INC (NFLX) (Margin),NFLX,NETFLIX INC,Margin,0.75,88.89,0,0,0,-66.67,10.44,01/12/2026
01/08/2026,DIVIDEND RECEIVED SALESFORCE INC COM (CRM) (Margin),CRM,SALESFORCE INC COM,Margin,0,0,0,0,0,2.25,77.11,
01/07/2026,YOU SOLD SALESFORCE INC COM (CRM) (Margin),CRM,SALESFORCE INC COM,Margin,266,-3,0,0,0,798,74.86,01/08/2026
01/07/2026,YOU BOUGHT NETFLIX INC (NFLX) (Margin),NFLX,NETFLIX INC,Margin,8,90.67,0,0,0,-725.36,-723.14,01/08/2026
01/06/2026,YOU BOUGHT SOFI TECHNOLOGIES INC COM (SOFI) (Margin),SOFI,SOFI TECHNOLOGIES INC COM,Margin,26.32,5,0,0,0,-131.6,2.22,01/07/2026
01/02/2026,YOU BOUGHT AMAZON.COM INC (AMZN) (Margin),AMZN,AMAZON.COM INC,Margin,1,225.67,0,0,0,-225.67,127.3,01/05/2026
01/02/2026,YOU BOUGHT ADOBE INC COM (ADBE) (Margin),ADBE,ADOBE INC COM,Margin,0.15,335.24,0,0,0,-50.29,352.97,01/05/2026
01/02/2026,Electronic Funds Transfer Received (Cash),,No Description,Cash,0,0,0,0,0,400,403.26,
01/02/2026,DIVIDEND RECEIVED NIKE INC CLASS B COM NPV (NKE) (Margin),NKE,NIKE INC CLASS B COM NPV,Margin,0,0,0,0,0,6.52,133.82,
01/02/2026,YOU BOUGHT AMAZON.COM INC (AMZN) (Margin),AMZN,AMAZON.COM INC,Margin,1,225.67,0,0,0,-225.67,127.3,01/05/2026
01/02/2026,YOU BOUGHT ADOBE INC COM (ADBE) (Margin),ADBE,ADOBE INC COM,Margin,0.15,335.24,0,0,0,-50.29,352.97,01/05/2026
12/31/2025,YOU BOUGHT PAYPAL HLDGS INC COM (PYPL) (Margin),PYPL,PAYPAL HLDGS INC COM,Margin,1,58.46,0,0,0,-58.46,2.44,01/02/2026
12/31/2025,YOU BOUGHT DUOLINGO INC CL A COM (DUOL) (Margin),DUOL,DUOLINGO INC CL A COM,Margin,0.25,176.37,0,0,0,-44.09,60.9,01/02/2026
12/31/2025,REINVESTMENT FIDELITY GOVERNMENT MONEY MARKET (SPAXX) (Cash),SPAXX,FIDELITY GOVERNMENT MONEY MARKET,Cash,1,0.82,0,0,0,-0.82,3.26,
12/31/2025,DIVIDEND RECEIVED FIDELITY GOVERNMENT MONEY MARKET (SPAXX) (Cash),SPAXX,FIDELITY GOVERNMENT MONEY MARKET,Cash,0,0,0,0,0,0.82,3.26,
12/31/2025,YOU BOUGHT PAYPAL HLDGS INC COM (PYPL) (Margin),PYPL,PAYPAL HLDGS INC COM,Margin,1,58.46,0,0,0,-58.46,2.44,01/02/2026
12/31/2025,YOU BOUGHT DUOLINGO INC CL A COM (DUOL) (Margin),DUOL,DUOLINGO INC CL A COM,Margin,0.25,176.37,0,0,0,-44.09,60.9,01/02/2026
12/30/2025,DIVIDEND RECEIVED TEXAS ROADHOUSE INC (TXRH) (Margin),TXRH,TEXAS ROADHOUSE INC,Margin,0,0,0,0,0,14.96,104.99,
12/29/2025,YOU SOLD SOFI TECHNOLOGIES INC COM (SOFI) (Margin),SOFI,SOFI TECHNOLOGIES INC COM,Margin,-5,26.86,0,0,0,134.28,90.03,12/30/2025
12/29/2025,YOU SOLD SALESFORCE INC COM (CRM) (Margin),CRM,SALESFORCE INC COM,Margin,-2,266.26,0,0,0,532.52,-44.25,12/30/2025
12/29/2025,YOU BOUGHT AMAZON.COM INC (AMZN) (Margin),AMZN,AMAZON.COM INC,Margin,2,231.53,0,0,0,-463.06,-576.77,12/30/2025
12/29/2025,YOU BOUGHT AMAZON.COM INC (AMZN) (Margin),AMZN,AMAZON.COM INC,Margin,1,231.37,0,0,0,-231.37,-113.71,12/30/2025
12/29/2025,YOU BOUGHT AMAZON.COM INC (AMZN) (Margin),AMZN,AMAZON.COM INC,Margin,0.851,231.54,0,0,0,-197.04,117.66,12/30/2025
12/29/2025,YOU BOUGHT AMAZON.COM INC (AMZN) (Margin),AMZN,AMAZON.COM INC,Margin,0.5,231.52,0,0,0,-115.76,314.7,12/30/2025
12/29/2025,YOU BOUGHT AMAZON.COM INC (AMZN) (Margin),AMZN,AMAZON.COM INC,Margin,0.35,231.37,0,0,0,-80.98,430.46,12/30/2025
12/29/2025,YOU BOUGHT AMAZON.COM INC (AMZN) (Margin),AMZN,AMAZON.COM INC,Margin,0.15,231.45,0,0,0,-34.72,511.44,12/30/2025
12/29/2025,Electronic Funds Transfer Received (Cash),,No Description,Cash,0,0,0,0,0,400,546.16,
12/29/2025,YOU SOLD SOFI TECHNOLOGIES INC COM (SOFI) (Margin),SOFI,SOFI TECHNOLOGIES INC COM,Margin,26.86,-5,0,0,0,134.28,90.03,12/30/2025
12/29/2025,YOU SOLD SALESFORCE INC COM (CRM) (Margin),CRM,SALESFORCE INC COM,Margin,266.26,-2,0,0,0,532.52,-44.25,12/30/2025
12/29/2025,YOU BOUGHT AMAZON.COM INC (AMZN) (Margin),AMZN,AMAZON.COM INC,Margin,2,231.53,0,0,0,-463.06,-576.77,12/30/2025
12/29/2025,YOU BOUGHT AMAZON.COM INC (AMZN) (Margin),AMZN,AMAZON.COM INC,Margin,1,231.37,0,0,0,-231.37,-113.71,12/30/2025
12/29/2025,YOU BOUGHT AMAZON.COM INC (AMZN) (Margin),AMZN,AMAZON.COM INC,Margin,0.851,231.54,0,0,0,-197.04,117.66,12/30/2025
12/29/2025,YOU BOUGHT AMAZON.COM INC (AMZN) (Margin),AMZN,AMAZON.COM INC,Margin,0.5,231.52,0,0,0,-115.76,314.7,12/30/2025
12/29/2025,YOU BOUGHT AMAZON.COM INC (AMZN) (Margin),AMZN,AMAZON.COM INC,Margin,0.35,231.37,0,0,0,-80.98,430.46,12/30/2025
12/29/2025,YOU BOUGHT AMAZON.COM INC (AMZN) (Margin),AMZN,AMAZON.COM INC,Margin,0.15,231.45,0,0,0,-34.72,511.44,12/30/2025
12/26/2025,YOU BOUGHT ADOBE INC COM (ADBE) (Margin),ADBE,ADOBE INC COM,Margin,0.25,353.02,0,0,0,-88.25,146.16,12/29/2025
12/26/2025,YOU BOUGHT ADOBE INC COM (ADBE) (Margin),ADBE,ADOBE INC COM,Margin,0.25,353.02,0,0,0,-88.25,146.16,12/29/2025
12/23/2025,YOU BOUGHT PAYPAL HLDGS INC COM (PYPL) (Margin),PYPL,PAYPAL HLDGS INC COM,Margin,2,59.01,0,0,0,-118.02,220.76,12/24/2025
12/23/2025,YOU BOUGHT DUOLINGO INC CL A COM (DUOL) (Margin),DUOL,DUOLINGO INC CL A COM,Margin,1,177.66,0,0,0,-177.66,338.78,12/24/2025
12/23/2025,YOU BOUGHT DUOLINGO INC CL A COM (DUOL) (Margin),DUOL,DUOLINGO INC CL A COM,Margin,0.25,177.66,0,0,0,-44.42,516.44,12/24/2025
12/23/2025,Electronic Funds Transfer Received (Cash),,No Description,Cash,0,0,0,0,0,200,560.86,
12/23/2025,DIVIDEND RECEIVED META PLATFORMS INC CLASS A COMMON STOCK (META) (Margin),META,META PLATFORMS INC CLASS A COMMON STOCK,Margin,0,0,0,0,0,13.65,234.41,
12/23/2025,YOU BOUGHT PAYPAL HLDGS INC COM (PYPL) (Margin),PYPL,PAYPAL HLDGS INC COM,Margin,2,59.01,0,0,0,-118.02,220.76,12/24/2025
12/23/2025,YOU BOUGHT DUOLINGO INC CL A COM (DUOL) (Margin),DUOL,DUOLINGO INC CL A COM,Margin,1,177.66,0,0,0,-177.66,338.78,12/24/2025
12/23/2025,YOU BOUGHT DUOLINGO INC CL A COM (DUOL) (Margin),DUOL,DUOLINGO INC CL A COM,Margin,0.25,177.66,0,0,0,-44.42,516.44,12/24/2025
12/22/2025,YOU BOUGHT MERCADOLIBRE INC COM USD0.001 (MELI) (Margin),MELI,MERCADOLIBRE INC COM USD0.001,Margin,0.08,1980.87,0,0,0,-158.47,360.86,12/23/2025
12/22/2025,YOU BOUGHT DUOLINGO INC CL A COM (DUOL) (Margin),DUOL,DUOLINGO INC CL A COM,Margin,0.25,185.37,0,0,0,-46.34,519.33,12/23/2025
12/22/2025,YOU BOUGHT MERCADOLIBRE INC COM USD0.001 (MELI) (Margin),MELI,MERCADOLIBRE INC COM USD0.001,Margin,0.08,1980.87,0,0,0,-158.47,360.86,12/23/2025
12/22/2025,YOU BOUGHT DUOLINGO INC CL A COM (DUOL) (Margin),DUOL,DUOLINGO INC CL A COM,Margin,0.25,185.37,0,0,0,-46.34,519.33,12/23/2025
12/19/2025,YOU BOUGHT NIKE INC CLASS B COM NPV (NKE) (Margin),NKE,NIKE INC CLASS B COM NPV,Margin,2,59.76,0,0,0,-119.52,565.67,12/22/2025
12/19/2025,Electronic Funds Transfer Received (Cash),,No Description,Cash,0,0,0,0,0,500,685.19,
12/19/2025,YOU BOUGHT NIKE INC CLASS B COM NPV (NKE) (Margin),NKE,NIKE INC CLASS B COM NPV,Margin,2,59.76,0,0,0,-119.52,565.67,12/22/2025
12/18/2025,YOU SOLD SALESFORCE INC COM (CRM) (Margin),CRM,SALESFORCE INC COM,Margin,-0.4,258.93,0,0,0,103.57,185.19,12/19/2025
12/18/2025,YOU BOUGHT PAYPAL HLDGS INC COM (PYPL) (Margin),PYPL,PAYPAL HLDGS INC COM,Margin,1,59.27,0,0,0,-59.27,81.62,12/19/2025
12/18/2025,YOU BOUGHT DUOLINGO INC CL A COM (DUOL) (Margin),DUOL,DUOLINGO INC CL A COM,Margin,1,180.27,0,0,0,-180.27,140.89,12/19/2025
12/18/2025,YOU SOLD SALESFORCE INC COM (CRM) (Margin),CRM,SALESFORCE INC COM,Margin,258.93,-0.4,0,0,0,103.57,185.19,12/19/2025
12/18/2025,YOU BOUGHT PAYPAL HLDGS INC COM (PYPL) (Margin),PYPL,PAYPAL HLDGS INC COM,Margin,1,59.27,0,0,0,-59.27,81.62,12/19/2025
12/18/2025,YOU BOUGHT DUOLINGO INC CL A COM (DUOL) (Margin),DUOL,DUOLINGO INC CL A COM,Margin,1,180.27,0,0,0,-180.27,140.89,12/19/2025
12/17/2025,YOU BOUGHT CELSIUS HLDGS INC COM NEW (CELH) (Margin),CELH,CELSIUS HLDGS INC COM NEW,Margin,2,41.11,0,0,0,-82.23,321.16,12/18/2025
12/17/2025,YOU BOUGHT ADVANCED MICRO DEVICES INC (AMD) (Margin),AMD,ADVANCED MICRO DEVICES INC,Margin,0.5,201.2,0,0,0,-100.6,403.39,12/18/2025
12/17/2025,YOU BOUGHT CELSIUS HLDGS INC COM NEW (CELH) (Margin),CELH,CELSIUS HLDGS INC COM NEW,Margin,41.11,2,0,0,0,-82.23,321.16,12/18/2025
12/17/2025,YOU BOUGHT ADVANCED MICRO DEVICES INC (AMD) (Margin),AMD,ADVANCED MICRO DEVICES INC,Margin,0.5,201.2,0,0,0,-100.6,403.39,12/18/2025
12/16/2025,YOU BOUGHT MERCADOLIBRE INC COM USD0.001 (MELI) (Margin),MELI,MERCADOLIBRE INC COM USD0.001,Margin,0.06,1921.95,0,0,0,-115.32,503.99,12/17/2025
12/16/2025,Electronic Funds Transfer Received (Cash),,No Description,Cash,0,0,0,0,0,600,619.31,
12/16/2025,YOU BOUGHT MERCADOLIBRE INC COM USD0.001 (MELI) (Margin),MELI,MERCADOLIBRE INC COM USD0.001,Margin,0.06,1921.95,0,0,0,-115.32,503.99,12/17/2025
12/15/2025,YOU BOUGHT SOFI TECHNOLOGIES INC COM (SOFI) (Margin),SOFI,SOFI TECHNOLOGIES INC COM,Margin,1,26.6,0,0,0,-26.6,10.99,12/16/2025
12/15/2025,YOU BOUGHT PAYPAL HLDGS INC COM (PYPL) (Margin),PYPL,PAYPAL HLDGS INC COM,Margin,1,60.72,0,0,0,-60.72,37.59,12/16/2025
12/15/2025,YOU BOUGHT MERCADOLIBRE INC COM USD0.001 (MELI) (Margin),MELI,MERCADOLIBRE INC COM USD0.001,Margin,0.06,1965.56,0,0,0,-117.93,98.31,12/16/2025
12/15/2025,DIVIDEND RECEIVED ALPHABET INC CAP STK CL A (GOOGL) (Margin),GOOGL,ALPHABET INC CAP STK CL A,Margin,0,0,0,0,0,8.32,19.31,
12/15/2025,YOU BOUGHT SOFI TECHNOLOGIES INC COM (SOFI) (Margin),SOFI,SOFI TECHNOLOGIES INC COM,Margin,26.6,1,0,0,0,-26.6,10.99,12/16/2025
12/15/2025,YOU BOUGHT PAYPAL HLDGS INC COM (PYPL) (Margin),PYPL,PAYPAL HLDGS INC COM,Margin,1,60.72,0,0,0,-60.72,37.59,12/16/2025
12/15/2025,YOU BOUGHT MERCADOLIBRE INC COM USD0.001 (MELI) (Margin),MELI,MERCADOLIBRE INC COM USD0.001,Margin,0.06,1965.56,0,0,0,-117.93,98.31,12/16/2025
12/12/2025,YOU BOUGHT SOFI TECHNOLOGIES INC COM (SOFI) (Margin),SOFI,SOFI TECHNOLOGIES INC COM,Margin,6,26.53,0,0,0,-159.21,216.24,12/15/2025
12/12/2025,YOU BOUGHT DUOLINGO INC CL A COM (DUOL) (Margin),DUOL,DUOLINGO INC CL A COM,Margin,0.15,201.09,0,0,0,-30.16,375.45,12/15/2025
12/12/2025,YOU BOUGHT SOFI TECHNOLOGIES INC COM (SOFI) (Margin),SOFI,SOFI TECHNOLOGIES INC COM,Margin,26.53,6,0,0,0,-159.21,216.24,12/15/2025
12/12/2025,YOU BOUGHT DUOLINGO INC CL A COM (DUOL) (Margin),DUOL,DUOLINGO INC CL A COM,Margin,0.15,201.09,0,0,0,-30.16,375.45,12/15/2025
12/10/2025,YOU BOUGHT MERCADOLIBRE INC COM USD0.001 (MELI) (Margin),MELI,MERCADOLIBRE INC COM USD0.001,Margin,0.05,1985.45,0,0,0,-99.27,392.45,12/11/2025
12/10/2025,YOU BOUGHT DUOLINGO INC CL A COM (DUOL) (Margin),DUOL,DUOLINGO INC CL A COM,Margin,1,203.58,0,0,0,-203.58,491.72,12/11/2025
12/10/2025,YOU BOUGHT DUOLINGO INC CL A COM (DUOL) (Margin),DUOL,DUOLINGO INC CL A COM,Margin,0.5,199.16,0,0,0,-99.58,695.3,12/11/2025
12/10/2025,YOU BOUGHT CELSIUS HLDGS INC COM NEW (CELH) (Margin),CELH,CELSIUS HLDGS INC COM NEW,Margin,1,43.97,0,0,0,-43.97,794.88,12/11/2025
12/10/2025,YOU BOUGHT ADVANCED MICRO DEVICES INC (AMD) (Margin),AMD,ADVANCED MICRO DEVICES INC,Margin,0.1,219.83,0,0,0,-21.98,838.85,12/11/2025
12/09/2025,Electronic Funds Transfer Received (Cash),,No Description,Cash,0,0,0,0,0,750,860.83,
12/08/2025,YOU BOUGHT PAYPAL HLDGS INC COM (PYPL) (Margin),PYPL,PAYPAL HLDGS INC COM,Margin,1,61.22,0,0,0,-61.22,110.83,12/09/2025
12/08/2025,YOU BOUGHT PAYPAL HLDGS INC COM (PYPL) (Margin),PYPL,PAYPAL HLDGS INC COM,Margin,1,61.41,0,0,0,-61.41,172.05,12/09/2025
12/08/2025,YOU BOUGHT NIKE INC CLASS B COM NPV (NKE) (Margin),NKE,NIKE INC CLASS B COM NPV,Margin,1,64.24,0,0,0,-64.24,233.46,12/09/2025
12/08/2025,YOU SOLD NICE LTD ADR-EACH CNV INTO 1 ORD ILS1 (NICE) (Margin),NICE,NICE LTD ADR-EACH CNV INTO 1 ORD ILS1,Margin,-1,105.45,0,0,0,105.45,297.7,12/09/2025
12/08/2025,YOU BOUGHT MASTERCARD INCORPORATED CL A (MA) (Margin),MA,MASTERCARD INCORPORATED CL A,Margin,0.25,538.42,0,0,0,-134.6,192.25,12/09/2025
12/08/2025,YOU BOUGHT AMAZON.COM INC (AMZN) (Margin),AMZN,AMAZON.COM INC,Margin,0.2,226.96,0,0,0,-45.39,326.85,12/09/2025
12/08/2025,YOU BOUGHT ADOBE INC COM (ADBE) (Margin),ADBE,ADOBE INC COM,Margin,0.1,341.55,0,0,0,-34.15,372.24,12/09/2025
12/08/2025,Electronic Funds Transfer Received (Cash),,No Description,Cash,0,0,0,0,0,400,406.39,
12/04/2025,YOU BOUGHT MASTERCARD INCORPORATED CL A (MA) (Margin),MA,MASTERCARD INCORPORATED CL A,Margin,0.1,546.54,0,0,0,-54.65,6.39,12/05/2025
12/04/2025,YOU BOUGHT AMAZON.COM INC (AMZN) (Margin),AMZN,AMAZON.COM INC,Margin,0.3,227.17,0,0,0,-68.15,61.04,12/05/2025
12/03/2025,YOU BOUGHT PAYPAL HLDGS INC COM (PYPL) (Margin),PYPL,PAYPAL HLDGS INC COM,Margin,1,61.15,0,0,0,-61.15,129.19,12/04/2025
12/03/2025,Electronic Funds Transfer Received (Cash),,No Description,Cash,0,0,0,0,0,120,190.34,
12/02/2025,YOU BOUGHT PAYPAL HLDGS INC COM (PYPL) (Margin),PYPL,PAYPAL HLDGS INC COM,Margin,1,63.07,0,0,0,-63.07,70.34,12/03/2025
12/02/2025,YOU BOUGHT DUOLINGO INC CL A COM (DUOL) (Margin),DUOL,DUOLINGO INC CL A COM,Margin,0.1,184.44,0,0,0,-18.44,133.41,12/03/2025
12/02/2025,YOU BOUGHT AMAZON.COM INC (AMZN) (Margin),AMZN,AMAZON.COM INC,Margin,0.25,235.16,0,0,0,-58.79,151.85,12/03/2025
11/26/2025,Electronic Funds Transfer Received (Cash),,No Description,Cash,0,0,0,0,0,200,209.17,
11/25/2025,YOU BOUGHT MASTERCARD INCORPORATED CL A (MA) (Margin),MA,MASTERCARD INCORPORATED CL A,Margin,0.25,549.02,0,0,0,-137.26,9.17,11/26/2025
11/24/2025,YOU BOUGHT DUOLINGO INC CL A COM (DUOL) (Margin),DUOL,DUOLINGO INC CL A COM,Margin,1,168.6,0,0,0,-168.6,146.43,11/25/2025
11/20/2025,YOU BOUGHT PAYPAL HLDGS INC COM (PYPL) (Margin),PYPL,PAYPAL HLDGS INC COM,Margin,1,58.85,0,0,0,-58.85,315.03,11/21/2025
11/20/2025,YOU BOUGHT MERCADOLIBRE INC COM USD0.001 (MELI) (Margin),MELI,MERCADOLIBRE INC COM USD0.001,Margin,0.05,1939.8,0,0,0,-96.99,373.88,11/21/2025
11/20/2025,Electronic Funds Transfer Received (Cash),,No Description,Cash,0,0,0,0,0,250,470.87,
11/19/2025,YOU BOUGHT PAYPAL HLDGS INC COM (PYPL) (Margin),PYPL,PAYPAL HLDGS INC COM,Margin,1,59.73,0,0,0,-59.73,220.87,11/20/2025
11/18/2025,YOU BOUGHT AMAZON.COM INC (AMZN) (Margin),AMZN,AMAZON.COM INC,Margin,0.15,226.29,0,0,0,-33.94,280.6,11/19/2025
11/18/2025,Electronic Funds Transfer Received (Cash),,No Description,Cash,0,0,0,0,0,500,314.54,
11/17/2025,YOU BOUGHT EX-DIV DATE 11/19/25RECORD DATE 11/19/25PAYABLE DTE 12/10/25 PAYPAL HLDGS INC COM (PYPL) (Margin),PYPL,PAYPAL HLDGS INC COM,Margin,2,61.94,0,0,0,-123.88,-185.46,11/18/2025
11/17/2025,YOU BOUGHT NIKE INC CLASS B COM NPV (NKE) (Margin),NKE,NIKE INC CLASS B COM NPV,Margin,1,62.83,0,0,0,-62.83,-61.58,11/18/2025
11/17/2025,YOU BOUGHT DUOLINGO INC CL A COM (DUOL) (Margin),DUOL,DUOLINGO INC CL A COM,Margin,0.5,176.95,0,0,0,-88.47,1.25,11/18/2025
11/14/2025,YOU BOUGHT PAYPAL HLDGS INC COM (PYPL) (Margin),PYPL,PAYPAL HLDGS INC COM,Margin,2,63.62,0,0,0,-127.24,89.72,11/17/2025
11/14/2025,YOU BOUGHT PAYPAL HLDGS INC COM (PYPL) (Margin),PYPL,PAYPAL HLDGS INC COM,Margin,1,63.31,0,0,0,-63.31,216.96,11/17/2025
11/14/2025,YOU SOLD NICE LTD ADR-EACH CNV INTO 1 ORD ILS1 (NICE) (Margin),NICE,NICE LTD ADR-EACH CNV INTO 1 ORD ILS1,Margin,-2,131.43,0,0,0,262.85,280.27,11/17/2025
11/14/2025,YOU BOUGHT DUOLINGO INC CL A COM (DUOL) (Margin),DUOL,DUOLINGO INC CL A COM,Margin,0.5,185.82,0,0,0,-92.91,17.42,11/17/2025
11/14/2025,YOU BOUGHT AMAZON.COM INC (AMZN) (Margin),AMZN,AMAZON.COM INC,Margin,0.5,235.15,0,0,0,-117.58,110.33,11/17/2025
11/13/2025,YOU BOUGHT MERCADOLIBRE INC COM USD0.001 (MELI) (Margin),MELI,MERCADOLIBRE INC COM USD0.001,Margin,0.05,2033.1,0,0,0,-101.65,227.91,11/14/2025
11/13/2025,YOU BOUGHT DUOLINGO INC CL A COM (DUOL) (Margin),DUOL,DUOLINGO INC CL A COM,Margin,1,185.38,0,0,0,-185.38,329.56,11/14/2025
11/12/2025,YOU BOUGHT DUOLINGO INC CL A COM (DUOL) (Margin),DUOL,DUOLINGO INC CL A COM,Margin,0.5,189.54,0,0,0,-94.77,514.94,11/13/2025
11/10/2025,YOU BOUGHT MERCADOLIBRE INC COM USD0.001 (MELI) (Margin),MELI,MERCADOLIBRE INC COM USD0.001,Margin,0.15,2072.63,0,0,0,-310.89,609.71,11/12/2025
11/10/2025,YOU BOUGHT DUOLINGO INC CL A COM (DUOL) (Margin),DUOL,DUOLINGO INC CL A COM,Margin,0.5,192.81,0,0,0,-96.4,920.6,11/12/2025
11/06/2025,YOU BOUGHT MERCADOLIBRE INC COM USD0.001 (MELI) (Margin),MELI,MERCADOLIBRE INC COM USD0.001,Margin,0.05,2155.95,0,0,0,-107.8,1014.23,11/07/2025
11/06/2025,YOU BOUGHT DUOLINGO INC CL A COM (DUOL) (Margin),DUOL,DUOLINGO INC CL A COM,Margin,1,182.9,0,0,0,-182.9,1122.03,11/07/2025
11/06/2025,Electronic Funds Transfer Received (Cash),,No Description,Cash,0,0,0,0,0,500,1204.93,
11/05/2025,YOU BOUGHT DUOLINGO INC CL A COM (DUOL) (Margin),DUOL,DUOLINGO INC CL A COM,Margin,1,206,0,0,0,-206,704.93,11/06/2025
11/05/2025,YOU BOUGHT DUOLINGO INC CL A COM (DUOL) (Margin),DUOL,DUOLINGO INC CL A COM,Margin,1,216.01,0,0,0,-216.01,910.93,11/06/2025
11/05/2025,Electronic Funds Transfer Received (Cash),,No Description,Cash,0,0,0,0,0,400,1126.94,
11/04/2025,YOU BOUGHT PAYPAL HLDGS INC COM (PYPL) (Margin),PYPL,PAYPAL HLDGS INC COM,Margin,1,66.2,0,0,0,-66.2,726.94,11/05/2025
10/31/2025,YOU BOUGHT MERCADOLIBRE INC COM USD0.001 (MELI) (Margin),MELI,MERCADOLIBRE INC COM USD0.001,Margin,0.05,2322.13,0,0,0,-116.11,786.61,11/03/2025
10/30/2025,YOU BOUGHT PAYPAL HLDGS INC COM (PYPL) (Margin),PYPL,PAYPAL HLDGS INC COM,Margin,1,68.55,0,0,0,-68.55,902.72,10/31/2025
10/30/2025,YOU BOUGHT PAYPAL HLDGS INC COM (PYPL) (Margin),PYPL,PAYPAL HLDGS INC COM,Margin,0.973,68.55,0,0,0,-66.7,971.27,10/31/2025
10/30/2025,YOU BOUGHT MERCADOLIBRE INC COM USD0.001 (MELI) (Margin),MELI,MERCADOLIBRE INC COM USD0.001,Margin,0.1,2415.82,0,0,0,-241.58,1037.97,10/31/2025
10/30/2025,YOU BOUGHT DUOLINGO INC CL A COM (DUOL) (Margin),DUOL,DUOLINGO INC CL A COM,Margin,1,267.92,0,0,0,-267.92,1279.55,10/31/2025
10/30/2025,Electronic Funds Transfer Received (Cash),,No Description,Cash,0,0,0,0,0,500,1547.47,
10/29/2025,YOU BOUGHT PAYPAL HLDGS INC COM (PYPL) (Margin),PYPL,PAYPAL HLDGS INC COM,Margin,3,71.52,0,0,0,-214.56,1047.47,10/30/2025
10/29/2025,YOU BOUGHT DUOLINGO INC CL A COM (DUOL) (Margin),DUOL,DUOLINGO INC CL A COM,Margin,1,277.37,0,0,0,-277.37,1262.03,10/30/2025
10/27/2025,YOU BOUGHT DUOLINGO INC CL A COM (DUOL) (Margin),DUOL,DUOLINGO INC CL A COM,Margin,1,308.01,0,0,0,-308.01,1539.4,10/28/2025
10/20/2025,YOU SOLD TESLA INC COM (TSLA) (Margin),TSLA,TESLA INC COM,Margin,-0.25,443.76,0,0,0,110.94,1847.41,10/21/2025
10/20/2025,YOU BOUGHT MERCADOLIBRE INC COM USD0.001 (MELI) (Margin),MELI,MERCADOLIBRE INC COM USD0.001,Margin,0.1,2066.09,0,0,0,-206.61,1736.47,10/21/2025
10/20/2025,YOU BOUGHT DUOLINGO INC CL A COM (DUOL) (Margin),DUOL,DUOLINGO INC CL A COM,Margin,1,309.17,0,0,0,-309.17,1943.08,10/21/2025
10/20/2025,YOU BOUGHT DUOLINGO INC CL A COM (DUOL) (Margin),DUOL,DUOLINGO INC CL A COM,Margin,0.5,309.17,0,0,0,-154.58,2252.25,10/21/2025
10/17/2025,YOU BOUGHT AMAZON.COM INC (AMZN) (Margin),AMZN,AMAZON.COM INC,Margin,1,212.92,0,0,0,-212.92,2406.83,10/20/2025
10/15/2025,YOU SOLD NOVO NORDISK A/S ADR-EACH CNV INTO 1... (NVO) (Margin),NVO,NOVO NORDISK A/S ADR-EACH CNV INTO 1 CL,Margin,-6,56.53,0,0,0,339.15,2619.75,10/16/2025
10/15/2025,YOU BOUGHT AMAZON.COM INC (AMZN) (Margin),AMZN,AMAZON.COM INC,Margin,1,213.14,0,0,0,-213.14,2280.6,10/16/2025
10/15/2025,YOU BOUGHT AMAZON.COM INC (AMZN) (Margin),AMZN,AMAZON.COM INC,Margin,1,213.53,0,0,0,-213.53,2493.74,10/16/2025
10/15/2025,Electronic Funds Transfer Received (Cash),,No Description,Cash,0,0,0,0,0,800,2707.27,
10/14/2025,YOU BOUGHT NICE LTD ADR-EACH CNV INTO 1 ORD ILS1 (NICE) (Margin),NICE,NICE LTD ADR-EACH CNV INTO 1 ORD ILS1,Margin,3,131.11,0,0,0,-393.32,1907.27,10/15/2025
10/13/2025,YOU SOLD TESLA INC COM (TSLA) (Margin),TSLA,TESLA INC COM,Margin,-0.25,429.13,0,0,0,107.28,2300.59,10/14/2025
10/13/2025,YOU SOLD TESLA INC COM (TSLA) (Margin),TSLA,TESLA INC COM,Margin,-0.5,421.53,0,0,0,210.76,2193.31,10/14/2025
10/13/2025,YOU SOLD TESLA INC COM (TSLA) (Margin),TSLA,TESLA INC COM,Margin,-1,429.19,0,0,0,429.19,1982.55,10/14/2025
10/13/2025,YOU BOUGHT DUOLINGO INC CL A COM (DUOL) (Margin),DUOL,DUOLINGO INC CL A COM,Margin,0.5,327.65,0,0,0,-163.83,1553.36,10/14/2025
10/10/2025,YOU BOUGHT NIKE INC CLASS B COM NPV (NKE) (Margin),NKE,NIKE INC CLASS B COM NPV,Margin,2,66.21,0,0,0,-132.42,1717.19,10/14/2025
10/10/2025,YOU BOUGHT AMAZON.COM INC (AMZN) (Margin),AMZN,AMAZON.COM INC,Margin,2,216.59,0,0,0,-433.18,1849.61,10/14/2025
10/06/2025,YOU SOLD TESLA INC COM (TSLA) (Margin),TSLA,TESLA INC COM,Margin,-1,454.01,0,0,0,454.01,2281.58,10/07/2025
10/06/2025,YOU BOUGHT SALESFORCE INC COM (CRM) (Margin),CRM,SALESFORCE INC COM,Margin,2,245.94,0,0,0,-491.88,1827.57,10/07/2025
10/02/2025,YOU SOLD TESLA INC COM (TSLA) (Margin),TSLA,TESLA INC COM,Margin,-1,445,0,0,0,445,2319.45,10/03/2025
10/02/2025,YOU SOLD TESLA INC COM (TSLA) (Margin),TSLA,TESLA INC COM,Margin,-1,451.74,0,0,0,451.74,1874.45,10/03/2025
10/02/2025,YOU BOUGHT AMAZON.COM INC (AMZN) (Margin),AMZN,AMAZON.COM INC,Margin,0.45,220.55,0,0,0,-99.25,1422.71,10/03/2025
10/02/2025,YOU BOUGHT ALPHABET INC CAP STK CL A (GOOGL) (Margin),GOOGL,ALPHABET INC CAP STK CL A,Margin,0.4,243.48,0,0,0,-97.39,1521.96,10/03/2025
10/01/2025,Electronic Funds Transfer Received (Cash),,No Description,Cash,0,0,0,0,0,500,1614.19,
09/30/2025,YOU BOUGHT SALESFORCE INC COM (CRM) (Margin),CRM,SALESFORCE INC COM,Margin,0.5,237.36,0,0,0,-118.68,1097.25,10/01/2025
09/24/2025,YOU SOLD TESLA INC COM (TSLA) (Margin),TSLA,TESLA INC COM,Margin,-1,442.14,0,0,0,442.14,1202.28,09/25/2025
09/24/2025,YOU SOLD TESLA INC COM (TSLA) (Margin),TSLA,TESLA INC COM,Margin,-1,442.26,0,0,0,442.26,760.14,09/25/2025
09/24/2025,YOU BOUGHT AMAZON.COM INC (AMZN) (Margin),AMZN,AMAZON.COM INC,Margin,2,220.53,0,0,0,-441.06,317.88,09/25/2025
09/24/2025,YOU BOUGHT AMAZON.COM INC (AMZN) (Margin),AMZN,AMAZON.COM INC,Margin,1,220.5,0,0,0,-220.5,758.94,09/25/2025
09/23/2025,YOU BOUGHT AMAZON.COM INC (AMZN) (Margin),AMZN,AMAZON.COM INC,Margin,1,221.18,0,0,0,-221.18,979.44,09/24/2025
09/22/2025,Electronic Funds Transfer Received (Cash),,No Description,Cash,0,0,0,0,0,200,1200.62,
09/19/2025,YOU BOUGHT ADOBE INC COM (ADBE) (Margin),ADBE,ADOBE INC COM,Margin,0.25,365.39,0,0,0,-91.35,1000.62,09/22/2025
09/16/2025,YOU SOLD TESLA INC COM (TSLA) (Margin),TSLA,TESLA INC COM,Margin,-3,420.03,0,0,0,1260.09,1091.97,09/17/2025
09/16/2025,YOU BOUGHT SALESFORCE INC COM (CRM) (Margin),CRM,SALESFORCE INC COM,Margin,0.615,239.34,0,0,0,-147.19,-168.12,09/17/2025
09/16/2025,YOU BOUGHT NOVO NORDISK A/S ADR-EACH CNV INTO 1... (NVO) (Margin),NVO,NOVO NORDISK A/S ADR-EACH CNV INTO 1 CL,Margin,6,57.13,0,0,0,-342.78,-20.93,09/17/2025
09/16/2025,YOU BOUGHT ADVANCED MICRO DEVICES INC (AMD) (Margin),AMD,ADVANCED MICRO DEVICES INC,Margin,1,159.96,0,0,0,-159.96,321.85,09/17/2025
09/16/2025,YOU BOUGHT ADOBE INC COM (ADBE) (Margin),ADBE,ADOBE INC COM,Margin,0.5,350.92,0,0,0,-175.46,481.81,09/17/2025
09/16/2025,YOU BOUGHT ASML HOLDING NV EUR0.09 NY REGISTRY ... (ASML) (Margin),ASML,ASML HOLDING NV EUR0.09 NY REGISTRY SHS,Margin,0.115,871.55,0,0,0,-100.23,657.27,09/17/2025
09/16/2025,Electronic Funds Transfer Received (Cash),,No Description,Cash,0,0,0,0,0,400,751.11,
09/11/2025,YOU SOLD TESLA INC COM (TSLA) (Margin),TSLA,TESLA INC COM,Margin,-1,367.01,0,0,0,367.01,342.88,09/12/2025
09/11/2025,YOU BOUGHT SALESFORCE INC COM (CRM) (Margin),CRM,SALESFORCE INC COM,Margin,0.16,246.51,0,0,0,-39.44,-24.13,09/12/2025
09/11/2025,YOU BOUGHT ASML HOLDING NV EUR0.09 NY REGISTRY ... (ASML) (Margin),ASML,ASML HOLDING NV EUR0.09 NY REGISTRY SHS,Margin,0.4,807.19,0,0,0,-322.88,15.31,09/12/2025
09/09/2025,YOU BOUGHT ASML HOLDING NV EUR0.09 NY REGISTRY ... (ASML) (Margin),ASML,ASML HOLDING NV EUR0.09 NY REGISTRY SHS,Margin,0.502,796.63,0,0,0,-399.91,100.68,09/10/2025
09/09/2025,Electronic Funds Transfer Received (Cash),,No Description,Cash,0,0,0,0,0,500,500.59,
09/02/2025,YOU BOUGHT AMAZON.COM INC (AMZN) (Margin),AMZN,AMAZON.COM INC,Margin,0.449,222.32,0,0,0,-99.82,0.59,09/03/2025
09/02/2025,YOU BOUGHT ASML HOLDING NV EUR0.09 NY REGISTRY ... (ASML) (Margin),ASML,ASML HOLDING NV EUR0.09 NY REGISTRY SHS,Margin,0.233,719.68,0,0,0,-167.68,100.41,09/03/2025
08/26/2025,YOU SOLD COURSERA INC COM (COUR) (Margin),COUR,COURSERA INC COM,Margin,-25,11.26,0,0,0,281.41,266.98,08/27/2025
08/26/2025,YOU BOUGHT ALPHABET INC CAP STK CL A (GOOGL) (Margin),GOOGL,ALPHABET INC CAP STK CL A,Margin,1,206.75,0,0,0,-206.75,-14.43,08/27/2025
08/26/2025,YOU BOUGHT ASML HOLDING NV EUR0.09 NY REGISTRY ... (ASML) (Margin),ASML,ASML HOLDING NV EUR0.09 NY REGISTRY SHS,Margin,0.5,758.53,0,0,0,-379.27,192.32,08/27/2025
08/25/2025,Electronic Funds Transfer Received (Cash),,No Description,Cash,0,0,0,0,0,500,571.59,
08/22/2025,YOU SOLD DUOLINGO INC CL A COM (DUOL) (Margin),DUOL,DUOLINGO INC CL A COM,Margin,-0.25,352.42,0,0,0,88.1,71.59,08/25/2025
08/22/2025,YOU BOUGHT COURSERA INC COM (COUR) (Margin),COUR,COURSERA INC COM,Margin,25,11.45,0,0,0,-286.25,-16.51,08/25/2025
08/15/2025,YOU BOUGHT DUOLINGO INC CL A COM (DUOL) (Margin),DUOL,DUOLINGO INC CL A COM,Margin,0.25,329.11,0,0,0,-82.28,269.74,08/18/2025
08/12/2025,YOU BOUGHT NIKE INC CLASS B COM NPV (NKE) (Margin),NKE,NIKE INC CLASS B COM NPV,Margin,1,74.82,0,0,0,-74.82,352.02,08/13/2025
08/12/2025,YOU BOUGHT ADOBE INC COM (ADBE) (Margin),ADBE,ADOBE INC COM,Margin,0.25,337.63,0,0,0,-84.41,426.84,08/13/2025
08/12/2025,Electronic Funds Transfer Paid (Cash),,No Description,Cash,0,0,0,0,0,-180,511.25,
08/11/2025,Electronic Funds Transfer Received (Cash),,No Description,Cash,0,0,0,0,0,500,691.25,
08/05/2025,YOU BOUGHT ADVANCED MICRO DEVICES INC (AMD) (Margin),AMD,ADVANCED MICRO DEVICES INC,Margin,0.5,175.58,0,0,0,-87.79,191.25,08/06/2025
08/01/2025,YOU BOUGHT AMAZON.COM INC (AMZN) (Margin),AMZN,AMAZON.COM INC,Margin,0.5,215.06,0,0,0,-107.53,279.04,08/04/2025
07/29/2025,YOU BOUGHT AMAZON.COM INC (AMZN) (Margin),AMZN,AMAZON.COM INC,Margin,0.5,230.88,0,0,0,-115.44,385.65,07/30/2025
07/28/2025,Electronic Funds Transfer Received (Cash),,No Description,Cash,0,0,0,0,0,500,501.09,
07/25/2025,YOU SOLD TESLA INC COM (TSLA) (Margin),TSLA,TESLA INC COM,Margin,-2,323.31,0,0,0,646.61,1.09,07/28/2025
07/25/2025,YOU BOUGHT ALPHABET INC CAP STK CL A (GOOGL) (Margin),GOOGL,ALPHABET INC CAP STK CL A,Margin,2,193.42,0,0,0,-386.84,-645.52,07/28/2025
07/25/2025,YOU BOUGHT ADVANCED MICRO DEVICES INC (AMD) (Margin),AMD,ADVANCED MICRO DEVICES INC,Margin,1,166.19,0,0,0,-166.19,-258.68,07/28/2025
07/25/2025,YOU BOUGHT ADOBE INC COM (ADBE) (Margin),ADBE,ADOBE INC COM,Margin,0.25,371.53,0,0,0,-92.88,-92.49,07/28/2025
07/18/2025,YOU BOUGHT AMAZON.COM INC (AMZN) (Margin),AMZN,AMAZON.COM INC,Margin,0.15,225.63,0,0,0,-33.84,0.39,07/21/2025
07/18/2025,YOU BOUGHT ALPHABET INC CAP STK CL A (GOOGL) (Margin),GOOGL,ALPHABET INC CAP STK CL A,Margin,1,185.09,0,0,0,-185.09,34.23,07/21/2025
07/18/2025,YOU BOUGHT ALPHABET INC CAP STK CL A (GOOGL) (Margin),GOOGL,ALPHABET INC CAP STK CL A,Margin,0.5,185.09,0,0,0,-92.55,219.32,07/21/2025
07/17/2025,YOU SOLD SALESFORCE INC COM (CRM) (Margin),CRM,SALESFORCE INC COM,Margin,-0.125,258.63,0,0,0,32.33,311.87,07/18/2025
07/17/2025,YOU SOLD SALESFORCE INC COM (CRM) (Margin),CRM,SALESFORCE INC COM,Margin,-2,258.65,0,0,0,517.3,279.54,07/18/2025
07/17/2025,YOU BOUGHT AMAZON.COM INC (AMZN) (Margin),AMZN,AMAZON.COM INC,Margin,0.5,223.79,0,0,0,-111.9,-237.76,07/18/2025
07/17/2025,YOU BOUGHT ALPHABET INC CAP STK CL A (GOOGL) (Margin),GOOGL,ALPHABET INC CAP STK CL A,Margin,0.5,183.44,0,0,0,-91.72,-125.86,07/18/2025
07/17/2025,YOU BOUGHT ADVANCED MICRO DEVICES INC (AMD) (Margin),AMD,ADVANCED MICRO DEVICES INC,Margin,0.5,158.95,0,0,0,-79.47,-34.14,07/18/2025
07/17/2025,YOU BOUGHT ADOBE INC COM (ADBE) (Margin),ADBE,ADOBE INC COM,Margin,1,365.55,0,0,0,-365.55,45.33,07/18/2025
07/17/2025,YOU BOUGHT ADOBE INC COM (ADBE) (Margin),ADBE,ADOBE INC COM,Margin,0.5,365.64,0,0,0,-182.82,410.88,07/18/2025
07/14/2025,Electronic Funds Transfer Received (Cash),,No Description,Cash,0,0,0,0,0,500,593.7,
07/10/2025,YOU BOUGHT AMAZON.COM INC (AMZN) (Margin),AMZN,AMAZON.COM INC,Margin,0.2,221.1,0,0,0,-44.22,91.93,07/11/2025
07/10/2025,YOU BOUGHT ALPHABET INC CAP STK CL A (GOOGL) (Margin),GOOGL,ALPHABET INC CAP STK CL A,Margin,0.2,175.47,0,0,0,-35.09,136.15,07/11/2025
07/03/2025,YOU BOUGHT ADVANCED MICRO DEVICES INC (AMD) (Margin),AMD,ADVANCED MICRO DEVICES INC,Margin,1,138.47,0,0,0,-138.47,171.24,07/07/2025
07/02/2025,YOU BOUGHT ALPHABET INC CAP STK CL A (GOOGL) (Margin),GOOGL,ALPHABET INC CAP STK CL A,Margin,1,178.67,0,0,0,-178.67,309.71,07/03/2025
07/02/2025,YOU BOUGHT ALPHABET INC CAP STK CL A (GOOGL) (Margin),GOOGL,ALPHABET INC CAP STK CL A,Margin,0.05,178.66,0,0,0,-8.93,488.38,07/03/2025
07/02/2025,YOU BOUGHT ADOBE INC COM (ADBE) (Margin),ADBE,ADOBE INC COM,Margin,0.25,373.23,0,0,0,-93.31,497.31,07/03/2025
06/30/2025,Electronic Funds Transfer Received (Cash),,No Description,Cash,0,0,0,0,0,500,569.98,
06/17/2025,Electronic Funds Transfer Paid (Cash),,No Description,Cash,0,0,0,0,0,-500,56.33,
06/16/2025,Electronic Funds Transfer Received (Cash),,No Description,Cash,0,0,0,0,0,500,549.41,
06/13/2025,YOU BOUGHT ADVANCED MICRO DEVICES INC (AMD) (Margin),AMD,ADVANCED MICRO DEVICES INC,Margin,2,115.75,0,0,0,-231.51,49.41,06/16/2025
06/12/2025,YOU BOUGHT ADVANCED MICRO DEVICES INC (AMD) (Margin),AMD,ADVANCED MICRO DEVICES INC,Margin,1,121.25,0,0,0,-121.25,280.92,06/13/2025
06/11/2025,YOU BOUGHT ADVANCED MICRO DEVICES INC (AMD) (Margin),AMD,ADVANCED MICRO DEVICES INC,Margin,1,121.32,0,0,0,-121.32,402.17,06/12/2025
06/10/2025,YOU BOUGHT SALESFORCE INC COM (CRM) (Margin),CRM,SALESFORCE INC COM,Margin,0.25,269.86,0,0,0,-67.47,523.49,06/11/2025
06/10/2025,YOU BOUGHT AMAZON.COM INC (AMZN) (Margin),AMZN,AMAZON.COM INC,Margin,0.5,215.96,0,0,0,-107.98,590.96,06/11/2025
06/06/2025,YOU SOLD TESLA INC COM (TSLA) (Margin),TSLA,TESLA INC COM,Margin,-1,304.07,0,0,0,304.07,698.94,06/09/2025
06/05/2025,YOU BOUGHT ADVANCED MICRO DEVICES INC (AMD) (Margin),AMD,ADVANCED MICRO DEVICES INC,Margin,0.5,114.88,0,0,0,-57.44,394.87,06/06/2025
06/02/2025,YOU BOUGHT SALESFORCE INC COM (CRM) (Margin),CRM,SALESFORCE INC COM,Margin,0.5,262.13,0,0,0,-131.07,452.31,06/03/2025
06/02/2025,YOU BOUGHT AMAZON.COM INC (AMZN) (Margin),AMZN,AMAZON.COM INC,Margin,0.5,205.8,0,0,0,-102.9,583.38,06/03/2025
06/02/2025,YOU BOUGHT ALPHABET INC CAP STK CL A (GOOGL) (Margin),GOOGL,ALPHABET INC CAP STK CL A,Margin,1,169.54,0,0,0,-169.54,686.28,06/03/2025
06/02/2025,YOU BOUGHT ALPHABET INC CAP STK CL A (GOOGL) (Margin),GOOGL,ALPHABET INC CAP STK CL A,Margin,0.5,169.55,0,0,0,-84.78,855.82,06/03/2025
06/02/2025,YOU BOUGHT ADVANCED MICRO DEVICES INC (AMD) (Margin),AMD,ADVANCED MICRO DEVICES INC,Margin,0.5,112.97,0,0,0,-56.48,940.6,06/03/2025
06/02/2025,Electronic Funds Transfer Received (Cash),,No Description,Cash,0,0,0,0,0,800,997.08,
05/29/2025,YOU BOUGHT PAYPAL HLDGS INC COM (PYPL) (Cash),PYPL,PAYPAL HLDGS INC COM,Cash,0.07,70.84,0,0,0,-4.96,196.68,05/30/2025
05/29/2025,Electronic Funds Transfer Received (Cash),,No Description,Cash,0,0,0,0,0,200,201.64,
05/13/2025,YOU SOLD TESLA INC COM (TSLA) (Margin),TSLA,TESLA INC COM,Margin,-0.612,333.55,0,0,0,204.13,1.64,05/14/2025
05/13/2025,YOU SOLD TESLA INC COM (TSLA) (Margin),TSLA,TESLA INC COM,Margin,-1,333.6,0,0,0,333.6,-202.49,05/14/2025
05/13/2025,YOU BOUGHT ALPHABET INC CAP STK CL A (GOOGL) (Margin),GOOGL,ALPHABET INC CAP STK CL A,Margin,3,159.46,0,0,0,-478.37,-536.09,05/14/2025
05/13/2025,YOU BOUGHT ALPHABET INC CAP STK CL A (GOOGL) (Margin),GOOGL,ALPHABET INC CAP STK CL A,Margin,0.4,159.46,0,0,0,-63.78,-57.72,05/14/2025
05/08/2025,YOU BOUGHT PAYPAL HLDGS INC COM (PYPL) (Cash),PYPL,PAYPAL HLDGS INC COM,Cash,0.071,70.15,0,0,0,-4.98,6.06,05/09/2025
05/07/2025,YOU BOUGHT ALPHABET INC CAP STK CL A (GOOGL) (Margin),GOOGL,ALPHABET INC CAP STK CL A,Margin,2,153.06,0,0,0,-306.12,11.04,05/08/2025
05/07/2025,YOU BOUGHT ADVANCED MICRO DEVICES INC (AMD) (Margin),AMD,ADVANCED MICRO DEVICES INC,Margin,1,98.29,0,0,0,-98.29,317.16,05/08/2025
05/06/2025,YOU BOUGHT TESLA INC COM (TSLA) (Cash),TSLA,TESLA INC COM,Cash,0.036,273.62,0,0,0,-9.85,415.45,05/07/2025
05/01/2025,YOU BOUGHT PAYPAL HLDGS INC COM (PYPL) (Cash),PYPL,PAYPAL HLDGS INC COM,Cash,0.076,65.1,0,0,0,-4.95,425.3,05/02/2025
04/29/2025,YOU BOUGHT TESLA INC COM (TSLA) (Cash),TSLA,TESLA INC COM,Cash,0.034,287,0,0,0,-9.76,429.31,04/30/2025
04/24/2025,YOU BOUGHT PAYPAL HLDGS INC COM (PYPL) (Cash),PYPL,PAYPAL HLDGS INC COM,Cash,0.078,63.33,0,0,0,-4.94,437.61,04/25/2025
04/23/2025,YOU SOLD TESLA INC COM (TSLA) (Margin),TSLA,TESLA INC COM,Margin,-0.234,252.73,0,0,0,59.14,442.55,04/24/2025
04/23/2025,YOU SOLD TESLA INC COM (TSLA) (Margin),TSLA,TESLA INC COM,Margin,-2,250.02,0,0.02,0,500.02,383.41,04/24/2025
04/23/2025,YOU SOLD TESLA INC COM (TSLA) (Margin),TSLA,TESLA INC COM,Margin,-2,252.75,0,0.02,0,505.48,-116.61,04/24/2025
04/23/2025,YOU SOLD TESLA INC COM (TSLA) (Margin),TSLA,TESLA INC COM,Margin,-3,255,0,0.03,0,764.97,-622.09,04/24/2025
04/23/2025,YOU BOUGHT AMAZON.COM INC (AMZN) (Margin),AMZN,AMAZON.COM INC,Margin,0.2,181.06,0,0,0,-36.21,-1387.06,04/24/2025
04/23/2025,YOU BOUGHT ALPHABET INC CAP STK CL A (GOOGL) (Margin),GOOGL,ALPHABET INC CAP STK CL A,Margin,3,154.86,0,0,0,-464.59,-1350.85,04/24/2025
04/23/2025,YOU BOUGHT ALPHABET INC CAP STK CL A (GOOGL) (Margin),GOOGL,ALPHABET INC CAP STK CL A,Margin,3,155.34,0,0,0,-466.03,-886.26,04/24/2025
04/23/2025,YOU BOUGHT ALPHABET INC CAP STK CL A (GOOGL) (Margin),GOOGL,ALPHABET INC CAP STK CL A,Margin,3,157.02,0,0,0,-471.06,-420.23,04/24/2025
04/22/2025,YOU BOUGHT TESLA INC COM (TSLA) (Cash),TSLA,TESLA INC COM,Cash,0.042,235.5,0,0,0,-9.89,50.83,04/23/2025
04/21/2025,YOU BOUGHT AMAZON.COM INC (AMZN) (Margin),AMZN,AMAZON.COM INC,Margin,0.75,166.46,0,0,0,-124.85,60.72,04/22/2025
04/21/2025,YOU BOUGHT ALPHABET INC CAP STK CL A (GOOGL) (Margin),GOOGL,ALPHABET INC CAP STK CL A,Margin,0.8,147.03,0,0,0,-117.62,185.57,04/22/2025
04/17/2025,YOU BOUGHT PAYPAL HLDGS INC COM (PYPL) (Cash),PYPL,PAYPAL HLDGS INC COM,Cash,0.081,61.11,0,0,0,-4.95,303.19,04/21/2025
04/16/2025,YOU BOUGHT AMAZON.COM INC (AMZN) (Margin),AMZN,AMAZON.COM INC,Margin,0.25,173.23,0,0,0,-43.31,308.14,04/17/2025
04/16/2025,YOU BOUGHT ALPHABET INC CAP STK CL A (GOOGL) (Margin),GOOGL,ALPHABET INC CAP STK CL A,Margin,0.25,153.5,0,0,0,-38.38,351.45,04/17/2025
04/15/2025,YOU BOUGHT TESLA INC COM (TSLA) (Cash),TSLA,TESLA INC COM,Cash,0.039,255.34,0,0,0,-9.96,389.83,04/16/2025
04/10/2025,YOU BOUGHT PAYPAL HLDGS INC COM (PYPL) (Cash),PYPL,PAYPAL HLDGS INC COM,Cash,0.082,60.62,0,0,0,-4.97,399.79,04/11/2025
04/08/2025,YOU BOUGHT TESLA INC COM (TSLA) (Cash),TSLA,TESLA INC COM,Cash,0.04,248.84,0,0,0,-9.95,404.76,04/09/2025
04/08/2025,YOU BOUGHT NIKE INC CLASS B COM NPV (NKE) (Margin),NKE,NIKE INC CLASS B COM NPV,Margin,0.5,53.03,0,0,0,-26.51,414.71,04/09/2025
04/08/2025,YOU BOUGHT AMAZON.COM INC (AMZN) (Margin),AMZN,AMAZON.COM INC,Margin,0.5,170.31,0,0,0,-85.16,441.22,04/09/2025
04/08/2025,YOU BOUGHT ALPHABET INC CAP STK CL A (GOOGL) (Margin),GOOGL,ALPHABET INC CAP STK CL A,Margin,0.5,144.11,0,0,0,-72.05,526.38,04/09/2025
04/07/2025,YOU SOLD CELSIUS HLDGS INC COM NEW (CELH) (Margin),CELH,CELSIUS HLDGS INC COM NEW,Margin,-2,35.3,0,0,0,70.6,598.43,04/08/2025
04/07/2025,YOU BOUGHT ALPHABET INC CAP STK CL A (GOOGL) (Margin),GOOGL,ALPHABET INC CAP STK CL A,Margin,0.5,147.69,0,0,0,-73.85,527.83,04/08/2025
04/07/2025,Electronic Funds Transfer Received (Cash),,No Description,Cash,0,0,0,0,0,600,601.68,
04/03/2025,YOU BOUGHT PAYPAL HLDGS INC COM (PYPL) (Cash),PYPL,PAYPAL HLDGS INC COM,Cash,0.081,61.54,0,0,0,-4.98,1.68,04/04/2025
04/03/2025,YOU BOUGHT NIKE INC CLASS B COM NPV (NKE) (Margin),NKE,NIKE INC CLASS B COM NPV,Margin,0.4,57.62,0,0,0,-23.05,6.66,04/04/2025
04/03/2025,YOU SOLD CELSIUS HLDGS INC COM NEW (CELH) (Margin),CELH,CELSIUS HLDGS INC COM NEW,Margin,-5,36.22,0,0,0,181.1,29.71,04/04/2025
04/03/2025,YOU BOUGHT AMAZON.COM INC (AMZN) (Margin),AMZN,AMAZON.COM INC,Margin,1,182.02,0,0,0,-182.02,-151.39,04/04/2025
04/03/2025,YOU BOUGHT ALPHABET INC CAP STK CL A (GOOGL) (Margin),GOOGL,ALPHABET INC CAP STK CL A,Margin,0.5,152.04,0,0,0,-76.02,30.63,04/04/2025
04/01/2025,YOU BOUGHT TESLA INC COM (TSLA) (Cash),TSLA,TESLA INC COM,Cash,0.037,266.76,0,0,0,-9.87,1.29,04/02/2025
03/27/2025,YOU BOUGHT PAYPAL HLDGS INC COM (PYPL) (Cash),PYPL,PAYPAL HLDGS INC COM,Cash,0.071,69.83,0,0,0,-4.96,11.14,03/28/2025
03/20/2025,YOU BOUGHT PAYPAL HLDGS INC COM (PYPL) (Cash),PYPL,PAYPAL HLDGS INC COM,Cash,0.07,70.58,0,0,0,-4.94,2.45,03/21/2025
02/27/2025,YOU BOUGHT PAYPAL HLDGS INC COM (PYPL) (Cash),AMD,PAYPAL HLDGS INC COM,Cash,3,99.81,0,0,0,-99.81,4.44,02/27/2025
01/14/2025,YOU BOUGHT PAYPAL HLDGS INC COM (PYPL) (Cash),AMD,PAYPAL HLDGS INC COM,Cash,3,118,0,0,0,-118,4.44,01/14/2025
01/10/2025,YOU BOUGHT PAYPAL HLDGS INC COM (PYPL) (Cash),PYPL,PAYPAL HLDGS INC COM,Cash,0.059,84.59,0,0,0,-4.99,4.44,01/13/2025
01/02/2025,YOU BOUGHT PAYPAL HLDGS INC COM (PYPL) (Cash),PYPL,PAYPAL HLDGS INC COM,Cash,0.057,86.5,0,0,0,-4.93,4.43,01/03/2025
01/02/2025,YOU BOUGHT NIKE INC CLASS B COM NPV (NKE) (Margin),NKE,NIKE INC CLASS B COM NPV,Margin,1,73.55,0,0,0,-73.55,9.36,01/03/2025
12/31/2024,YOU BOUGHT TESLA INC COM (TSLA) (Cash),TSLA,TESLA INC COM,Cash,0.023,419.44,0,0,0,-9.65,68.79,01/02/2025
12/26/2024,YOU BOUGHT PAYPAL HLDGS INC COM (PYPL) (Margin),PYPL,PAYPAL HLDGS INC COM,Margin,0.5,88.32,0,0,0,-44.16,65.44,12/27/2024
12/26/2024,YOU BOUGHT PAYPAL HLDGS INC COM (PYPL) (Cash),PYPL,PAYPAL HLDGS INC COM,Cash,0.056,88.32,0,0,0,-4.95,109.6,12/27/2024
12/26/2024,YOU BOUGHT NIKE INC CLASS B COM NPV (NKE) (Margin),NKE,NIKE INC CLASS B COM NPV,Margin,1,77.13,0,0,0,-77.13,114.55,12/27/2024
12/24/2024,YOU BOUGHT TESLA INC COM (TSLA) (Cash),TSLA,TESLA INC COM,Cash,0.022,445.98,0,0,0,-9.81,191.68,12/26/2024
12/19/2024,YOU BOUGHT PAYPAL HLDGS INC COM (PYPL) (Cash),PYPL,PAYPAL HLDGS INC COM,Cash,0.057,87.45,0,0,0,-4.98,201.49,12/20/2024
12/17/2024,YOU BOUGHT TESLA INC COM (TSLA) (Cash),TSLA,TESLA INC COM,Cash,0.02,482.92,0,0,0,-9.66,206.47,12/18/2024
12/12/2024,YOU BOUGHT PAYPAL HLDGS INC COM (PYPL) (Cash),PYPL,PAYPAL HLDGS INC COM,Cash,0.055,89.96,0,0,0,-4.95,213.23,12/13/2024
12/10/2024,YOU BOUGHT TESLA INC COM (TSLA) (Cash),TSLA,TESLA INC COM,Cash,0.024,405.16,0,0,0,-9.72,218.18,12/11/2024
12/05/2024,YOU BOUGHT PAYPAL HLDGS INC COM (PYPL) (Cash),PYPL,PAYPAL HLDGS INC COM,Cash,0.056,88.9,0,0,0,-4.98,227.9,12/06/2024
12/03/2024,YOU BOUGHT TESLA INC COM (TSLA) (Cash),TSLA,TESLA INC COM,Cash,0.028,352.71,0,0,0,-9.88,232.88,12/04/2024
11/29/2024,YOU BOUGHT PAYPAL HLDGS INC COM (PYPL) (Cash),PYPL,PAYPAL HLDGS INC COM,Cash,0.058,86.04,0,0,0,-4.99,240.97,12/02/2024
11/26/2024,YOU BOUGHT TESLA INC COM (TSLA) (Cash),TSLA,TESLA INC COM,Cash,0.029,342.43,0,0,0,-9.93,245.96,11/27/2024
11/22/2024,YOU SOLD SALESFORCE INC COM (CRM) (Margin),CRM,SALESFORCE INC COM,Margin,-0.5,340.98,0,0,0,170.49,255.89,11/25/2024
11/22/2024,YOU SOLD NIKE INC CLASS B COM NPV (NKE) (Margin),NKE,NIKE INC CLASS B COM NPV,Margin,-1,77.34,0,0,0,77.34,85.4,11/25/2024
11/22/2024,YOU BOUGHT ALPHABET INC CAP STK CL A (GOOGL) (Margin),GOOGL,ALPHABET INC CAP STK CL A,Margin,1,164.83,0,0,0,-164.83,8.06,11/25/2024
11/22/2024,YOU BOUGHT ALPHABET INC CAP STK CL A (GOOGL) (Margin),GOOGL,ALPHABET INC CAP STK CL A,Margin,0.5,164.75,0,0,0,-82.37,172.89,11/25/2024
11/21/2024,YOU BOUGHT PAYPAL HLDGS INC COM (PYPL) (Cash),PYPL,PAYPAL HLDGS INC COM,Cash,0.058,85.02,0,0,0,-4.93,255.26,11/22/2024
11/19/2024,YOU BOUGHT TESLA INC COM (TSLA) (Cash),TSLA,TESLA INC COM,Cash,0.029,342.06,0,0,0,-9.92,260.19,11/20/2024
11/18/2024,YOU BOUGHT NIKE INC CLASS B COM NPV (NKE) (Margin),NKE,NIKE INC CLASS B COM NPV,Margin,5,75.82,0,0,0,-379.1,270.11,11/19/2024
11/14/2024,YOU BOUGHT PAYPAL HLDGS INC COM (PYPL) (Cash),PYPL,PAYPAL HLDGS INC COM,Cash,0.057,87.1,0,0,0,-4.96,649.21,11/15/2024
11/12/2024,YOU BOUGHT TESLA INC COM (TSLA) (Cash),TSLA,TESLA INC COM,Cash,0.029,339.5,0,0,0,-9.85,654.17,11/13/2024
11/07/2024,YOU BOUGHT PAYPAL HLDGS INC COM (PYPL) (Cash),PYPL,PAYPAL HLDGS INC COM,Cash,0.06,82.08,0,0,0,-4.92,664.02,11/08/2024
11/05/2024,YOU BOUGHT TESLA INC COM (TSLA) (Cash),TSLA,TESLA INC COM,Cash,0.039,251.87,0,0,0,-9.82,668.94,11/06/2024
10/31/2024,YOU BOUGHT PAYPAL HLDGS INC COM (PYPL) (Cash),PYPL,PAYPAL HLDGS INC COM,Cash,0.063,78.91,0,0,0,-4.97,676.02,11/01/2024
10/29/2024,YOU BOUGHT TESLA INC COM (TSLA) (Cash),TSLA,TESLA INC COM,Cash,0.038,261.15,0,0,0,-9.92,680.99,10/30/2024
10/24/2024,YOU BOUGHT PAYPAL HLDGS INC COM (PYPL) (Cash),PYPL,PAYPAL HLDGS INC COM,Cash,0.06,82.31,0,0,0,-4.94,690.91,10/25/2024
10/22/2024,YOU BOUGHT TESLA INC COM (TSLA) (Cash),TSLA,TESLA INC COM,Cash,0.045,217.45,0,0,0,-9.79,695.85,10/23/2024
10/17/2024,YOU BOUGHT PAYPAL HLDGS INC COM (PYPL) (Cash),PYPL,PAYPAL HLDGS INC COM,Cash,0.062,80.21,0,0,0,-4.97,705.64,10/18/2024
10/15/2024,YOU BOUGHT TESLA INC COM (TSLA) (Cash),TSLA,TESLA INC COM,Cash,0.045,218.51,0,0,0,-9.83,710.61,10/16/2024
10/10/2024,YOU BOUGHT PAYPAL HLDGS INC COM (PYPL) (Cash),PYPL,PAYPAL HLDGS INC COM,Cash,0.063,79.35,0,0,0,-5,720.44,10/11/2024
10/08/2024,YOU BOUGHT TESLA INC COM (TSLA) (Cash),TSLA,TESLA INC COM,Cash,0.04,244.28,0,0,0,-9.77,723.84,10/09/2024
10/03/2024,YOU BOUGHT PAYPAL HLDGS INC COM (PYPL) (Cash),PYPL,PAYPAL HLDGS INC COM,Cash,0.065,76.35,0,0,0,-4.96,733.61,10/04/2024
10/01/2024,YOU BOUGHT TESLA INC COM (TSLA) (Cash),TSLA,TESLA INC COM,Cash,0.039,252.94,0,0,0,-9.86,738.2,10/02/2024
09/26/2024,YOU BOUGHT PAYPAL HLDGS INC COM (PYPL) (Cash),PYPL,PAYPAL HLDGS INC COM,Cash,0.062,79.67,0,0,0,-4.94,730.97,09/27/2024
09/24/2024,YOU BOUGHT TESLA INC COM (TSLA) (Cash),TSLA,TESLA INC COM,Cash,0.039,253.23,0,0,0,-9.88,722.49,09/25/2024
09/19/2024,YOU BOUGHT PAYPAL HLDGS INC COM (PYPL) (Cash),PYPL,PAYPAL HLDGS INC COM,Cash,0.065,76.24,0,0,0,-4.96,732.37,09/20/2024
09/17/2024,YOU BOUGHT TESLA INC COM (TSLA) (Cash),TSLA,TESLA INC COM,Cash,0.042,233.5,0,0,0,-9.81,737.33,09/18/2024
09/16/2024,Electronic Funds Transfer Paid (Cash),,No Description,Cash,0,0,0,0,0,-800,744.54,
09/12/2024,YOU BOUGHT PAYPAL HLDGS INC COM (PYPL) (Cash),PYPL,PAYPAL HLDGS INC COM,Cash,0.071,69.69,0,0,0,-4.95,1544.54,09/13/2024
09/10/2024,YOU BOUGHT TESLA INC COM (TSLA) (Cash),TSLA,TESLA INC COM,Cash,0.044,222.92,0,0,0,-9.81,1549.49,09/11/2024
09/05/2024,YOU BOUGHT SALESFORCE INC COM (CRM) (Margin),CRM,SALESFORCE INC COM,Margin,4,247.33,0,0,0,-989.32,1559.3,09/06/2024
09/05/2024,YOU BOUGHT PAYPAL HLDGS INC COM (PYPL) (Cash),PYPL,PAYPAL HLDGS INC COM,Cash,0.07,71.11,0,0,0,-4.98,2548.62,09/06/2024
09/05/2024,YOU BOUGHT NIKE INC CLASS B COM NPV (NKE) (Margin),NKE,NIKE INC CLASS B COM NPV,Margin,4,80.68,0,0,0,-322.7,2553.6,09/06/2024
09/05/2024,YOU SOLD CRICUT INC COM CL A (CRCT) (Margin),CRCT,CRICUT INC COM CL A,Margin,-100,5.97,0,0.02,0,597.45,2876.3,09/06/2024
09/05/2024,YOU SOLD CORSAIR GAMING INC COM (CRSR) (Margin),CRSR,CORSAIR GAMING INC COM,Margin,-110,6.15,0,0.02,0,676.84,2278.85,09/06/2024
09/05/2024,YOU BOUGHT CELSIUS HLDGS INC COM NEW (CELH) (Margin),CELH,CELSIUS HLDGS INC COM NEW,Margin,7,31.97,0,0,0,-223.79,1602.01,09/06/2024
09/05/2024,YOU BOUGHT ALPHABET INC CAP STK CL A (GOOGL) (Margin),GOOGL,ALPHABET INC CAP STK CL A,Margin,1,157.57,0,0,0,-157.57,1825.8,09/06/2024
09/05/2024,YOU BOUGHT ALPHABET INC CAP STK CL A (GOOGL) (Margin),GOOGL,ALPHABET INC CAP STK CL A,Margin,0.5,157.57,0,0,0,-78.78,1983.37,09/06/2024
09/05/2024,YOU SOLD ALIBABA GROUP HOLDING LTD SPON ADS E... (BABA) (Margin),BABA,ALIBABA GROUP HOLDING LTD SPON ADS EACH,Margin,-10,82.14,0,0.03,0,821.37,2062.15,09/06/2024
09/05/2024,YOU SOLD ADOBE INC COM (ADBE) (Margin),ADBE,ADOBE INC COM,Margin,-1,567.76,0,0.02,0,567.74,1240.78,09/06/2024
09/03/2024,YOU BOUGHT TESLA INC COM (TSLA) (Cash),TSLA,TESLA INC COM,Cash,0.046,216.67,0,0,0,-9.97,673.04,09/04/2024
08/29/2024,YOU BOUGHT PAYPAL HLDGS INC COM (PYPL) (Cash),PYPL,PAYPAL HLDGS INC COM,Cash,0.068,72.7,0,0,0,-4.94,681,08/30/2024
08/27/2024,YOU BOUGHT TESLA INC COM (TSLA) (Cash),TSLA,TESLA INC COM,Cash,0.047,208.6,0,0,0,-9.8,685.94,08/28/2024
08/22/2024,YOU BOUGHT PAYPAL HLDGS INC COM (PYPL) (Cash),PYPL,PAYPAL HLDGS INC COM,Cash,0.069,72.13,0,0,0,-4.98,695.74,08/23/2024
08/20/2024,YOU BOUGHT TESLA INC COM (TSLA) (Cash),TSLA,TESLA INC COM,Cash,0.045,221.62,0,0,0,-9.97,700.72,08/21/2024
08/15/2024,YOU BOUGHT PAYPAL HLDGS INC COM (PYPL) (Cash),PYPL,PAYPAL HLDGS INC COM,Cash,0.073,67.68,0,0,0,-4.94,710.69,08/16/2024
08/15/2024,YOU SOLD WIX.COM LTD COM ILS0.01 (WIX) (Margin),WIX,WIX.COM LTD COM ILS0.01,Margin,-3,162.5,0,0.02,0,487.48,715.63,08/16/2024
08/13/2024,YOU BOUGHT TESLA INC COM (TSLA) (Cash),TSLA,TESLA INC COM,Cash,0.048,204.99,0,0,0,-9.84,228.15,08/14/2024
08/08/2024,YOU BOUGHT PAYPAL HLDGS INC COM (PYPL) (Cash),PYPL,PAYPAL HLDGS INC COM,Cash,0.077,64.24,0,0,0,-4.95,237.99,08/09/2024
08/06/2024,YOU BOUGHT TESLA INC COM (TSLA) (Cash),TSLA,TESLA INC COM,Cash,0.05,196.35,0,0,0,-9.82,242.94,08/07/2024
08/01/2024,YOU BOUGHT PAYPAL HLDGS INC COM (PYPL) (Cash),PYPL,PAYPAL HLDGS INC COM,Cash,0.074,66.88,0,0,0,-4.95,252.76,08/02/2024
07/30/2024,YOU BOUGHT TESLA INC COM (TSLA) (Cash),TSLA,TESLA INC COM,Cash,0.043,231.14,0,0,0,-9.94,256.54,07/31/2024
07/25/2024,YOU BOUGHT PAYPAL HLDGS INC COM (PYPL) (Cash),PYPL,PAYPAL HLDGS INC COM,Cash,0.085,58.18,0,0,0,-4.95,266.48,07/26/2024
07/23/2024,YOU BOUGHT TESLA INC COM (TSLA) (Cash),TSLA,TESLA INC COM,Cash,0.04,248.63,0,0,0,-9.95,271.43,07/24/2024
07/18/2024,YOU BOUGHT PAYPAL HLDGS INC COM (PYPL) (Cash),PYPL,PAYPAL HLDGS INC COM,Cash,0.082,60.89,0,0,0,-4.99,231.38,07/19/2024
07/16/2024,YOU BOUGHT TESLA INC COM (TSLA) (Cash),TSLA,TESLA INC COM,Cash,0.04,248.22,0,0,0,-9.93,236.37,07/17/2024
07/11/2024,YOU BOUGHT PAYPAL HLDGS INC COM (PYPL) (Cash),PYPL,PAYPAL HLDGS INC COM,Cash,0.082,60.75,0,0,0,-4.98,229.9,07/12/2024
07/09/2024,YOU BOUGHT TESLA INC COM (TSLA) (Cash),TSLA,TESLA INC COM,Cash,0.038,256.83,0,0,0,-9.76,234.88,07/10/2024
07/05/2024,YOU BOUGHT PAYPAL HLDGS INC COM (PYPL) (Margin),PYPL,PAYPAL HLDGS INC COM,Margin,2,59.38,0,0,0,-118.76,244.64,07/08/2024
07/05/2024,YOU BOUGHT PAYPAL HLDGS INC COM (PYPL) (Margin),PYPL,PAYPAL HLDGS INC COM,Margin,0.277,59.38,0,0,0,-16.45,363.4,07/08/2024
07/05/2024,YOU BOUGHT PAYPAL HLDGS INC COM (PYPL) (Cash),PYPL,PAYPAL HLDGS INC COM,Cash,0.083,59.55,0,0,0,-4.94,379.85,07/08/2024
07/05/2024,YOU BOUGHT NIKE INC CLASS B COM NPV (NKE) (Margin),NKE,NIKE INC CLASS B COM NPV,Margin,1,75.34,0,0,0,-75.34,384.79,07/08/2024
07/02/2024,YOU SOLD SLEEP NUMBER CORP COM (SNBR) (Margin),SNBR,SLEEP NUMBER CORP COM,Margin,-50,9.2,0,0.02,0,459.98,460.13,07/03/2024
07/01/2024,YOU BOUGHT PAYPAL HLDGS INC COM (PYPL) (Margin),PYPL,PAYPAL HLDGS INC COM,Margin,3,57.81,0,0,0,-173.43,0.15,07/02/2024
06/27/2024,YOU BOUGHT PAYPAL HLDGS INC COM (PYPL) (Margin),PYPL,PAYPAL HLDGS INC COM,Margin,2,58.47,0,0,0,-116.94,173.26,06/28/2024
06/27/2024,YOU BOUGHT PAYPAL HLDGS INC COM (PYPL) (Margin),PYPL,PAYPAL HLDGS INC COM,Margin,0.75,58.47,0,0,0,-43.85,290.2,06/28/2024
06/27/2024,YOU BOUGHT PAYPAL HLDGS INC COM (PYPL) (Cash),PYPL,PAYPAL HLDGS INC COM,Cash,0.086,58.06,0,0,0,-4.99,334.05,06/28/2024
06/27/2024,YOU SOLD CORSAIR GAMING INC COM (CRSR) (Margin),CRSR,CORSAIR GAMING INC COM,Margin,-15,11.16,0,0,0,167.4,339.04,06/28/2024
06/25/2024,YOU BOUGHT TESLA INC COM (TSLA) (Cash),TSLA,TESLA INC COM,Cash,0.053,186.16,0,0,0,-9.87,145.22,06/26/2024
06/20/2024,YOU BOUGHT PAYPAL HLDGS INC COM (PYPL) (Cash),PYPL,PAYPAL HLDGS INC COM,Cash,0.084,59.22,0,0,0,-4.97,155.09,06/21/2024
06/18/2024,YOU BOUGHT TESLA INC COM (TSLA) (Cash),TSLA,TESLA INC COM,Cash,0.054,184,0,0,0,-9.94,160.06,06/20/2024
06/14/2024,YOU SOLD CRICUT INC COM CL A (CRCT) (Margin),CRCT,CRICUT INC COM CL A,Margin,-25,6.67,0,0,0,166.63,167.7,06/17/2024
06/06/2024,YOU BOUGHT PAYPAL HLDGS INC COM (PYPL) (Cash),PYPL,PAYPAL HLDGS INC COM,Cash,0.075,65.79,0,0,0,-4.93,1.07,06/07/2024
05/30/2024,YOU BOUGHT PAYPAL HLDGS INC COM (PYPL) (Cash),PYPL,PAYPAL HLDGS INC COM,Cash,0.079,62.79,0,0,0,-4.96,4.7,05/31/2024
05/29/2024,YOU BOUGHT PAYPAL HLDGS INC COM (PYPL) (Margin),PYPL,PAYPAL HLDGS INC COM,Margin,1,60.97,0,0,0,-60.97,9.66,05/30/2024
05/29/2024,YOU BOUGHT PAYPAL HLDGS INC COM (PYPL) (Margin),PYPL,PAYPAL HLDGS INC COM,Margin,0.8,60.98,0,0,0,-48.78,70.63,05/30/2024
05/29/2024,YOU SOLD CORSAIR GAMING INC COM (CRSR) (Margin),CRSR,CORSAIR GAMING INC COM,Margin,-10,11.41,0,0,0,114.1,119.41,05/30/2024
05/24/2024,YOU BOUGHT TESLA INC COM (TSLA) (Margin),TSLA,TESLA INC COM,Margin,1,174,0,0,0,-174,5.31,05/29/2024
05/24/2024,YOU BOUGHT TESLA INC COM (TSLA) (Margin),TSLA,TESLA INC COM,Margin,0.75,173.96,0,0,0,-130.47,179.31,05/29/2024
05/23/2024,YOU BOUGHT TESLA INC COM (TSLA) (Margin),TSLA,TESLA INC COM,Margin,1,177.06,0,0,0,-177.06,309.78,05/28/2024
05/23/2024,YOU BOUGHT TESLA INC COM (TSLA) (Margin),TSLA,TESLA INC COM,Margin,0.5,177.06,0,0,0,-88.53,486.84,05/28/2024
05/23/2024,YOU BOUGHT PAYPAL HLDGS INC COM (PYPL) (Margin),PYPL,PAYPAL HLDGS INC COM,Margin,4,62.25,0,0,0,-249.01,575.37,05/28/2024
05/23/2024,YOU BOUGHT PAYPAL HLDGS INC COM (PYPL) (Cash),PYPL,PAYPAL HLDGS INC COM,Cash,0.08,62.28,0,0,0,-4.98,824.38,05/28/2024
05/23/2024,YOU SOLD WIX.COM LTD COM ILS0.01 (WIX) (Margin),WIX,WIX.COM LTD COM ILS0.01,Margin,-3,165.53,0,0.02,0,496.58,829.36,05/28/2024
05/21/2024,YOU BOUGHT TESLA INC COM (TSLA) (Cash),TSLA,TESLA INC COM,Cash,0.056,178.5,0,0,0,-10,332.98,05/23/2024
05/16/2024,YOU BOUGHT PAYPAL HLDGS INC COM (PYPL) (Cash),PYPL,PAYPAL HLDGS INC COM,Cash,0.078,63.82,0,0,0,-4.98,342.98,05/20/2024
05/14/2024,YOU BOUGHT TESLA INC COM (TSLA) (Cash),TSLA,TESLA INC COM,Cash,0.057,174.76,0,0,0,-9.96,347.96,05/16/2024
05/09/2024,YOU BOUGHT PAYPAL HLDGS INC COM (PYPL) (Cash),PYPL,PAYPAL HLDGS INC COM,Cash,0.078,63.72,0,0,0,-4.97,357.92,05/13/2024
05/07/2024,YOU BOUGHT TESLA INC COM (TSLA) (Cash),TSLA,TESLA INC COM,Cash,0.055,179.17,0,0,0,-9.85,362.89,05/09/2024
05/02/2024,YOU BOUGHT PAYPAL HLDGS INC COM (PYPL) (Cash),PYPL,PAYPAL HLDGS INC COM,Cash,0.075,66.36,0,0,0,-4.98,372.74,05/06/2024
04/30/2024,YOU BOUGHT TESLA INC COM (TSLA) (Cash),TSLA,TESLA INC COM,Cash,0.053,187.37,0,0,0,-9.93,376.68,05/02/2024
04/25/2024,YOU BOUGHT PAYPAL HLDGS INC COM (PYPL) (Cash),PYPL,PAYPAL HLDGS INC COM,Cash,0.079,62.97,0,0,0,-4.97,386.61,04/29/2024
04/23/2024,YOU BOUGHT TESLA INC COM (TSLA) (Margin),TSLA,TESLA INC COM,Margin,1,145.75,0,0,0,-145.75,391.58,04/25/2024
04/23/2024,YOU BOUGHT TESLA INC COM (TSLA) (Margin),TSLA,TESLA INC COM,Margin,0.388,145.76,0,0,0,-56.55,537.33,04/25/2024
04/23/2024,YOU BOUGHT TESLA INC COM (TSLA) (Cash),TSLA,TESLA INC COM,Cash,0.068,145.38,0,0,0,-9.89,593.88,04/25/2024
04/23/2024,YOU SOLD REVOLVE GROUP INC CL A (RVLV) (Margin),RVLV,REVOLVE GROUP INC CL A,Margin,-8,19.71,0,0,0,157.64,603.77,04/25/2024
04/23/2024,YOU SOLD CRICUT INC COM CL A (CRCT) (Margin),CRCT,CRICUT INC COM CL A,Margin,-50,5.33,0,0,0,266.32,446.13,04/25/2024
04/22/2024,Electronic Funds Transfer Received (Cash),,No Description,Cash,0,0,0,0,0,140,179.81,
04/19/2024,YOU BOUGHT TESLA INC COM (TSLA) (Margin),TSLA,TESLA INC COM,Margin,1,149.74,0,0,0,-149.74,39.81,04/23/2024
04/19/2024,YOU SOLD REVOLVE GROUP INC CL A (RVLV) (Margin),RVLV,REVOLVE GROUP INC CL A,Margin,-0.5,19.07,0,0,0,9.54,189.55,04/23/2024
04/19/2024,YOU SOLD REVOLVE GROUP INC CL A (RVLV) (Margin),RVLV,REVOLVE GROUP INC CL A,Margin,-9,19.1,0,0,0,171.9,180.01,04/23/2024
04/18/2024,YOU BOUGHT PAYPAL HLDGS INC COM (PYPL) (Cash),PYPL,PAYPAL HLDGS INC COM,Cash,0.079,63.2,0,0,0,-4.99,8.11,04/22/2024
04/16/2024,YOU BOUGHT TESLA INC COM (TSLA) (Margin),TSLA,TESLA INC COM,Margin,2,156.9,0,0,0,-313.8,13.1,04/18/2024
04/16/2024,YOU BOUGHT TESLA INC COM (TSLA) (Cash),TSLA,TESLA INC COM,Cash,0.063,156.94,0,0,0,-9.89,326.9,04/18/2024
04/16/2024,YOU SOLD REVOLVE GROUP INC CL A (RVLV) (Margin),RVLV,REVOLVE GROUP INC CL A,Margin,-0.5,18.47,0,0,0,9.24,336.79,04/18/2024
04/16/2024,YOU SOLD REVOLVE GROUP INC CL A (RVLV) (Margin),RVLV,REVOLVE GROUP INC CL A,Margin,-2,18.47,0,0,0,36.94,327.55,04/18/2024
04/11/2024,YOU BOUGHT PAYPAL HLDGS INC COM (PYPL) (Cash),PYPL,PAYPAL HLDGS INC COM,Cash,0.077,64.89,0,0,0,-5,290.61,04/15/2024
04/09/2024,YOU BOUGHT TESLA INC COM (TSLA) (Cash),TSLA,TESLA INC COM,Cash,0.055,179.05,0,0,0,-9.85,295.61,04/11/2024
04/04/2024,YOU BOUGHT PAYPAL HLDGS INC COM (PYPL) (Cash),PYPL,PAYPAL HLDGS INC COM,Cash,0.075,66.04,0,0,0,-4.95,305.46,04/08/2024
04/02/2024,YOU BOUGHT TESLA INC COM (TSLA) (Cash),TSLA,TESLA INC COM,Cash,0.06,166.42,0,0,0,-9.99,310.41,04/04/2024
03/28/2024,YOU BOUGHT PAYPAL HLDGS INC COM (PYPL) (Cash),PYPL,PAYPAL HLDGS INC COM,Cash,0.074,66.69,0,0,0,-4.94,318.97,04/02/2024
03/26/2024,YOU BOUGHT TESLA INC COM (TSLA) (Cash),TSLA,TESLA INC COM,Cash,0.055,181.76,0,0,0,-10,297.49,03/28/2024
03/25/2024,YOU BOUGHT TESLA INC COM (TSLA) (Margin),TSLA,TESLA INC COM,Margin,1,173,0,0,0,-173,307.49,03/27/2024
03/21/2024,YOU BOUGHT PAYPAL HLDGS INC COM (PYPL) (Cash),PYPL,PAYPAL HLDGS INC COM,Cash,0.075,66.63,0,0,0,-5,480.49,03/25/2024
03/19/2024,YOU BOUGHT TESLA INC COM (TSLA) (Cash),TSLA,TESLA INC COM,Cash,0.059,169.35,0,0,0,-9.99,485.49,03/21/2024
03/14/2024,YOU BOUGHT PAYPAL HLDGS INC COM (PYPL) (Cash),PYPL,PAYPAL HLDGS INC COM,Cash,0.079,62.97,0,0,0,-4.97,495.48,03/18/2024
03/13/2024,YOU BOUGHT TESLA INC COM (TSLA) (Margin),TSLA,TESLA INC COM,Margin,1,171.06,0,0,0,-171.06,500.45,03/15/2024
03/13/2024,YOU SOLD PINTEREST INC CL A (PINS) (Margin),PINS,PINTEREST INC CL A,Margin,-10,34.85,0,0,0,348.52,671.51,03/15/2024
03/13/2024,YOU BOUGHT PAYPAL HLDGS INC COM (PYPL) (Margin),PYPL,PAYPAL HLDGS INC COM,Margin,0.495,62.77,0,0,0,-31.07,322.99,03/15/2024
03/12/2024,YOU BOUGHT TESLA INC COM (TSLA) (Cash),TSLA,TESLA INC COM,Cash,0.057,175.34,0,0,0,-9.99,354.06,03/14/2024
03/11/2024,YOU SOLD REVOLVE GROUP INC CL A (RVLV) (Margin),RVLV,REVOLVE GROUP INC CL A,Margin,-10,20.52,0,0,0,205.2,364.05,03/13/2024
03/07/2024,YOU BOUGHT PAYPAL HLDGS INC COM (PYPL) (Cash),PYPL,PAYPAL HLDGS INC COM,Cash,0.086,58.13,0,0,0,-5,158.85,03/11/2024
03/05/2024,YOU BOUGHT TESLA INC COM (TSLA) (Margin),TSLA,TESLA INC COM,Margin,1,181.47,0,0,0,-181.47,163.85,03/07/2024
03/05/2024,YOU BOUGHT TESLA INC COM (TSLA) (Cash),TSLA,TESLA INC COM,Cash,0.055,178.94,0,0,0,-9.84,345.32,03/07/2024
03/05/2024,YOU SOLD REVOLVE GROUP INC CL A (RVLV) (Margin),RVLV,REVOLVE GROUP INC CL A,Margin,-5,21.78,0,0,0,108.88,355.16,03/07/2024
02/29/2024,YOU BOUGHT PAYPAL HLDGS INC COM (PYPL) (Cash),PYPL,PAYPAL HLDGS INC COM,Cash,0.081,61.07,0,0,0,-4.95,245.14,03/04/2024
02/28/2024,YOU SOLD REVOLVE GROUP INC CL A (RVLV) (Margin),RVLV,REVOLVE GROUP INC CL A,Margin,-15,20.12,0,0,0,301.8,250.09,03/01/2024
02/28/2024,YOU BOUGHT ALPHABET INC CAP STK CL A (GOOGL) (Margin),GOOGL,ALPHABET INC CAP STK CL A,Margin,2,136.05,0,0,0,-272.1,-51.71,03/01/2024
02/28/2024,YOU BOUGHT ALPHABET INC CAP STK CL A (GOOGL) (Margin),GOOGL,ALPHABET INC CAP STK CL A,Margin,0.2,136.05,0,0,0,-27.21,220.39,03/01/2024
02/27/2024,YOU BOUGHT TESLA INC COM (TSLA) (Cash),TSLA,TESLA INC COM,Cash,0.049,202.38,0,0,0,-9.92,247.6,02/29/2024
02/22/2024,YOU BOUGHT PAYPAL HLDGS INC COM (PYPL) (Margin),PYPL,PAYPAL HLDGS INC COM,Margin,2,57.77,0,0,0,-115.54,257.52,02/26/2024
02/22/2024,YOU BOUGHT PAYPAL HLDGS INC COM (PYPL) (Cash),PYPL,PAYPAL HLDGS INC COM,Cash,0.086,57.62,0,0,0,-4.96,373.06,02/26/2024
02/22/2024,Electronic Funds Transfer Received (Cash),,No Description,Cash,0,0,0,0,0,200,378.02,
02/20/2024,YOU BOUGHT TESLA INC COM (TSLA) (Cash),TSLA,TESLA INC COM,Cash,0.051,193.31,0,0,0,-9.86,178.02,02/22/2024
02/15/2024,YOU BOUGHT PAYPAL HLDGS INC COM (PYPL) (Cash),PYPL,PAYPAL HLDGS INC COM,Cash,0.084,59.32,0,0,0,-4.98,187.88,02/20/2024
02/13/2024,YOU BOUGHT TESLA INC COM (TSLA) (Cash),TSLA,TESLA INC COM,Cash,0.054,184.65,0,0,0,-9.97,192.86,02/15/2024
02/08/2024,YOU BOUGHT PAYPAL HLDGS INC COM (PYPL) (Cash),PYPL,PAYPAL HLDGS INC COM,Cash,0.087,56.97,0,0,0,-4.96,202.83,02/12/2024
02/08/2024,Electronic Funds Transfer Received (Cash),,No Description,Cash,0,0,0,0,0,100,207.79,
02/07/2024,YOU BOUGHT SLEEP NUMBER CORP COM (SNBR) (Margin),SNBR,SLEEP NUMBER CORP COM,Margin,6,9.42,0,0,0,-56.49,107.79,02/09/2024
02/07/2024,YOU BOUGHT CRICUT INC COM CL A (CRCT) (Margin),CRCT,CRICUT INC COM CL A,Margin,10,5.26,0,0,0,-52.6,164.28,02/09/2024
02/06/2024,YOU BOUGHT TESLA INC COM (TSLA) (Cash),TSLA,TESLA INC COM,Cash,0.054,183.72,0,0,0,-9.92,216.88,02/08/2024
02/05/2024,YOU BOUGHT TESLA INC COM (TSLA) (Margin),TSLA,TESLA INC COM,Margin,1,175.63,0,0,0,-175.63,226.8,02/07/2024
02/05/2024,YOU BOUGHT PAYPAL HLDGS INC COM (PYPL) (Margin),PYPL,PAYPAL HLDGS INC COM,Margin,2,61.87,0,0,0,-123.73,402.43,02/07/2024
02/05/2024,Electronic Funds Transfer Received (Cash),,No Description,Cash,0,0,0,0,0,50,526.16,
02/02/2024,YOU BOUGHT TESLA INC COM (TSLA) (Margin),TSLA,TESLA INC COM,Margin,0.449,183.24,0,0,0,-82.27,476.16,02/06/2024
02/02/2024,YOU BOUGHT PAYPAL HLDGS INC COM (PYPL) (Margin),PYPL,PAYPAL HLDGS INC COM,Margin,2,62.49,0,0,0,-124.98,558.43,02/06/2024
02/01/2024,YOU BOUGHT PAYPAL HLDGS INC COM (PYPL) (Cash),PYPL,PAYPAL HLDGS INC COM,Cash,0.081,61.72,0,0,0,-5,683.41,02/05/2024
01/30/2024,YOU BOUGHT TESLA INC COM (TSLA) (Cash),TSLA,TESLA INC COM,Cash,0.051,194,0,0,0,-9.89,687.15,02/01/2024
01/29/2024,YOU BOUGHT ALIBABA GROUP HOLDING LTD SPON ADS E... (BABA) (Margin),BABA,ALIBABA GROUP HOLDING LTD SPON ADS EACH,Margin,0.75,74.8,0,0,0,-56.1,697.04,01/31/2024
01/25/2024,YOU BOUGHT TESLA INC COM (TSLA) (Margin),TSLA,TESLA INC COM,Margin,3,185.32,0,0,0,-555.96,753.14,01/29/2024
01/25/2024,YOU BOUGHT TESLA INC COM (TSLA) (Margin),TSLA,TESLA INC COM,Margin,0.5,185.33,0,0,0,-92.67,1309.1,01/29/2024
01/25/2024,YOU SOLD PINTEREST INC CL A (PINS) (Margin),PINS,PINTEREST INC CL A,Margin,-26,37.15,0,0.01,0,966.01,1401.77,01/29/2024
01/25/2024,YOU BOUGHT PAYPAL HLDGS INC COM (PYPL) (Margin),PYPL,PAYPAL HLDGS INC COM,Margin,1,63.91,0,0,0,-63.91,435.76,01/29/2024
01/23/2024,YOU BOUGHT TESLA INC COM (TSLA) (Margin),TSLA,TESLA INC COM,Margin,1,209,0,0,0,-209,499.67,01/25/2024
01/17/2024,YOU SOLD TELUS INTERNATIONAL (CDA) INC COM NP... (TIXT) (Margin),TIXT,TELUS INTERNATIONAL (CDA) INC COM NPV S,Margin,-45,8.95,0,0,0,402.75,700.83,01/19/2024
01/17/2024,YOU BOUGHT REVOLVE GROUP INC CL A (RVLV) (Margin),RVLV,REVOLVE GROUP INC CL A,Margin,5,14.74,0,0,0,-73.7,298.08,01/19/2024
01/17/2024,YOU BOUGHT PAYPAL HLDGS INC COM (PYPL) (Margin),PYPL,PAYPAL HLDGS INC COM,Margin,0.5,59.93,0,0,0,-29.96,371.78,01/19/2024
01/17/2024,YOU SOLD OLAPLEX HLDGS INC COM (OLPX) (Margin),OLPX,OLAPLEX HLDGS INC COM,Margin,-75,2.15,0,0,0,161.25,401.74,01/19/2024
01/17/2024,YOU BOUGHT ALIBABA GROUP HOLDING LTD SPON ADS E... (BABA) (Margin),BABA,ALIBABA GROUP HOLDING LTD SPON ADS EACH,Margin,1,68.84,0,0,0,-68.84,240.49,01/19/2024
01/17/2024,YOU SOLD TELUS INTERNATIONAL (CDA) INC COM NP... (87975H100) (Margin),87975H100,TELUS INTERNATIONAL (CDA) INC COM NPV S,Margin,-45,8.95,0,0,0,402.75,700.83,01/19/2024
01/12/2024,YOU BOUGHT TESLA INC COM (TSLA) (Margin),TSLA,TESLA INC COM,Margin,1,218.63,0,0,0,-218.63,309.33,01/17/2024
01/12/2024,YOU SOLD PINTEREST INC CL A (PINS) (Margin),PINS,PINTEREST INC CL A,Margin,-14,37.35,0,0.01,0,522.87,527.96,01/17/2024
01/10/2024,YOU BOUGHT TESLA INC COM (TSLA) (Margin),TSLA,TESLA INC COM,Margin,0.5,232.84,0,0,0,-116.42,5.09,01/12/2024
01/10/2024,YOU BOUGHT REVOLVE GROUP INC CL A (RVLV) (Margin),RVLV,REVOLVE GROUP INC CL A,Margin,3,14.67,0,0,0,-44.01,121.51,01/12/2024
01/10/2024,YOU BOUGHT CRICUT INC COM CL A (CRCT) (Margin),CRCT,CRICUT INC COM CL A,Margin,5,6.32,0,0,0,-31.6,165.52,01/12/2024
01/10/2024,Electronic Funds Transfer Received (Cash),,No Description,Cash,0,0,0,0,0,180,197.12,
01/05/2024,YOU BOUGHT PAYPAL HLDGS INC COM (PYPL) (Margin),PYPL,PAYPAL HLDGS INC COM,Margin,0.5,59.58,0,0,0,-29.79,17.12,01/09/2024
01/05/2024,YOU BOUGHT AMAZON.COM INC (AMZN) (Margin),AMZN,AMAZON.COM INC,Margin,0.3,145.28,0,0,0,-43.58,46.91,01/09/2024
01/05/2024,YOU BOUGHT ALIBABA GROUP HOLDING LTD SPON ADS E... (BABA) (Margin),BABA,ALIBABA GROUP HOLDING LTD SPON ADS EACH,Margin,0.25,73.15,0,0,0,-18.29,90.49,01/09/2024
12/19/2023,YOU BOUGHT REVOLVE GROUP INC CL A (RVLV) (Margin),RVLV,REVOLVE GROUP INC CL A,Margin,1,18.57,0,0,0,-18.57,6.3,12/21/2023
12/19/2023,YOU BOUGHT CRICUT INC COM CL A (CRCT) (Margin),CRCT,CRICUT INC COM CL A,Margin,10,6.97,0,0,0,-69.69,24.87,12/21/2023
12/05/2023,Electronic Funds Transfer Paid (Cash),,No Description,Cash,0,0,0,0,0,-150,94.56,
12/04/2023,YOU BOUGHT PAYPAL HLDGS INC COM (PYPL) (Margin),PYPL,PAYPAL HLDGS INC COM,Margin,1,59.95,0,0,0,-59.95,244.56,12/06/2023
10/26/2023,Electronic Funds Transfer Received (Cash),,No Description,Cash,0,0,0,0,0,250,301.48,
10/25/2023,YOU BOUGHT PAYPAL HLDGS INC COM (PYPL) (Margin),PYPL,PAYPAL HLDGS INC COM,Margin,3,51.81,0,0,0,-155.43,51.48,10/27/2023
10/20/2023,YOU BOUGHT PAYPAL HLDGS INC COM (PYPL) (Margin),PYPL,PAYPAL HLDGS INC COM,Margin,2,53.61,0,0,0,-107.23,206.91,10/24/2023
10/19/2023,YOU BOUGHT TESLA INC COM (TSLA) (Margin),TSLA,TESLA INC COM,Margin,0.375,217.57,0,0,0,-81.59,314.14,10/23/2023
10/10/2023,YOU BOUGHT SLEEP NUMBER CORP COM (SNBR) (Margin),SNBR,SLEEP NUMBER CORP COM,Margin,4,18.77,0,0,0,-75.1,395.73,10/12/2023
10/05/2023,YOU BOUGHT PAYPAL HLDGS INC COM (PYPL) (Margin),PYPL,PAYPAL HLDGS INC COM,Margin,5,57.48,0,0,0,-287.4,470.83,10/10/2023
09/28/2023,YOU BOUGHT TEXAS ROADHOUSE INC (TXRH) (Margin),TXRH,TEXAS ROADHOUSE INC,Margin,2,93.8,0,0,0,-187.6,757.15,10/02/2023
09/28/2023,YOU BOUGHT TESLA INC COM (TSLA) (Margin),TSLA,TESLA INC COM,Margin,0.5,240.24,0,0,0,-120.12,944.75,10/02/2023
09/28/2023,YOU BOUGHT TELUS INTERNATIONAL (CDA) INC COM NP... (TIXT) (Margin),TIXT,TELUS INTERNATIONAL (CDA) INC COM NPV S,Margin,13,7.4,0,0,0,-96.2,1064.87,10/02/2023
09/28/2023,YOU BOUGHT REVOLVE GROUP INC CL A (RVLV) (Margin),RVLV,REVOLVE GROUP INC CL A,Margin,5,12.87,0,0,0,-64.35,1161.07,10/02/2023
09/28/2023,YOU SOLD PINTEREST INC CL A (PINS) (Margin),PINS,PINTEREST INC CL A,Margin,-25,25.91,0,0,0,647.75,1225.42,10/02/2023
09/28/2023,YOU BOUGHT PAYPAL HLDGS INC COM (PYPL) (Margin),PYPL,PAYPAL HLDGS INC COM,Margin,1,57.41,0,0,0,-57.41,577.67,10/02/2023
09/28/2023,YOU BOUGHT AMAZON.COM INC (AMZN) (Margin),AMZN,AMAZON.COM INC,Margin,1,124.08,0,0,0,-124.08,635.08,10/02/2023
09/28/2023,YOU BOUGHT TELUS INTERNATIONAL (CDA) INC COM NP... (87975H100) (Margin),87975H100,TELUS INTERNATIONAL (CDA) INC COM NPV S,Margin,13,7.4,0,0,0,-96.2,1064.87,10/02/2023
09/25/2023,YOU BOUGHT TEXAS ROADHOUSE INC (TXRH) (Margin),TXRH,TEXAS ROADHOUSE INC,Margin,20,95.14,0,0,0,-1902.8,759.16,09/27/2023
09/25/2023,"YOU SOLD DROPBOX, INC. CLASS A COMMON STOCK (DBX) (Margin)",DBX,"DROPBOX, INC. CLASS A COMMON STOCK",Margin,-88,27.27,0,0.02,0,2399.3,2661.96,09/27/2023
09/21/2023,Electronic Funds Transfer Received (Cash),,No Description,Cash,0,0,0,0,0,125,262.66,
09/08/2023,YOU BOUGHT REVOLVE GROUP INC CL A (RVLV) (Margin),RVLV,REVOLVE GROUP INC CL A,Margin,2,13.21,0,0,0,-26.42,137.66,09/12/2023
08/22/2023,YOU BOUGHT PAYPAL HLDGS INC COM (PYPL) (Cash),PYPL,PAYPAL HLDGS INC COM,Cash,2,59.92,0,0,0,-119.84,223.45,08/24/2023
08/21/2023,Electronic Funds Transfer Received (Cash),,No Description,Cash,0,0,0,0,0,290,343.29,
08/16/2023,YOU BOUGHT TESLA INC COM (TSLA) (Margin),TSLA,TESLA INC COM,Margin,0.125,228.33,0,0,0,-28.54,53.29,08/18/2023
08/16/2023,YOU BOUGHT TELUS INTERNATIONAL (CDA) INC COM NP... (TIXT) (Margin),TIXT,TELUS INTERNATIONAL (CDA) INC COM NPV S,Margin,5,8.54,0,0,0,-42.68,81.83,08/18/2023
08/16/2023,YOU BOUGHT TELUS INTERNATIONAL (CDA) INC COM NP... (TIXT) (Margin),TIXT,TELUS INTERNATIONAL (CDA) INC COM NPV S,Margin,2,8.52,0,0,0,-17.04,124.51,08/18/2023
08/16/2023,YOU BOUGHT REVOLVE GROUP INC CL A (RVLV) (Margin),RVLV,REVOLVE GROUP INC CL A,Margin,2,15.75,0,0,0,-31.5,141.55,08/18/2023
08/16/2023,YOU BOUGHT REVOLVE GROUP INC CL A (RVLV) (Margin),RVLV,REVOLVE GROUP INC CL A,Margin,2,15.97,0,0,0,-31.94,173.05,08/18/2023
08/16/2023,YOU BOUGHT PAYPAL HLDGS INC COM (PYPL) (Margin),PYPL,PAYPAL HLDGS INC COM,Margin,2,59.78,0,0,0,-119.56,204.99,08/18/2023
08/16/2023,YOU BOUGHT PAYPAL HLDGS INC COM (PYPL) (Margin),PYPL,PAYPAL HLDGS INC COM,Margin,1,59.66,0,0,0,-59.66,324.55,08/18/2023
08/16/2023,YOU BOUGHT TELUS INTERNATIONAL (CDA) INC COM NP... (87975H100) (Margin),87975H100,TELUS INTERNATIONAL (CDA) INC COM NPV S,Margin,5,8.54,0,0,0,-42.68,81.83,08/18/2023
08/16/2023,YOU BOUGHT TELUS INTERNATIONAL (CDA) INC COM NP... (87975H100) (Margin),87975H100,TELUS INTERNATIONAL (CDA) INC COM NPV S,Margin,2,8.52,0,0,0,-17.04,124.51,08/18/2023
08/10/2023,YOU SOLD SKYWORKS SOLUTIONS INC (SWKS) (Margin),SWKS,SKYWORKS SOLUTIONS INC,Margin,-0.5,107.88,0,0,0,53.94,194.21,08/14/2023
08/10/2023,YOU SOLD SKYWORKS SOLUTIONS INC (SWKS) (Margin),SWKS,SKYWORKS SOLUTIONS INC,Margin,-3,107.89,0,0,0,323.68,140.27,08/14/2023
08/10/2023,YOU BOUGHT PAYPAL HLDGS INC COM (PYPL) (Margin),PYPL,PAYPAL HLDGS INC COM,Margin,3,62.64,0,0,0,-187.92,-183.41,08/14/2023
08/03/2023,YOU BOUGHT PAYPAL HLDGS INC COM (PYPL) (Margin),PYPL,PAYPAL HLDGS INC COM,Margin,4,64.75,0,0,0,-259.01,4.51,08/07/2023
08/02/2023,YOU BOUGHT TELUS INTERNATIONAL (CDA) INC COM NP... (TIXT) (Margin),TIXT,TELUS INTERNATIONAL (CDA) INC COM NPV S,Margin,25,8.83,0,0,0,-220.75,263.52,08/04/2023
08/02/2023,YOU BOUGHT TELUS INTERNATIONAL (CDA) INC COM NP... (87975H100) (Margin),87975H100,TELUS INTERNATIONAL (CDA) INC COM NPV S,Margin,25,8.83,0,0,0,-220.75,263.52,08/04/2023
07/24/2023,Electronic Funds Transfer Received (Cash),,No Description,Cash,0,0,0,0,0,450,482.79,
07/20/2023,YOU BOUGHT TESLA INC COM (TSLA) (Margin),TSLA,TESLA INC COM,Margin,1,279.45,0,0,0,-279.45,32.79,07/24/2023
07/17/2023,YOU BOUGHT REVOLVE GROUP INC CL A (RVLV) (Margin),RVLV,REVOLVE GROUP INC CL A,Margin,8,18.26,0,0,0,-146.06,162.24,07/19/2023
07/17/2023,YOU SOLD PINTEREST INC CL A (PINS) (Margin),PINS,PINTEREST INC CL A,Margin,-11,29.25,0,0,0,321.75,308.3,07/19/2023
07/17/2023,YOU BOUGHT PAYPAL HLDGS INC COM (PYPL) (Margin),PYPL,PAYPAL HLDGS INC COM,Margin,2,73.68,0,0,0,-147.35,-13.45,07/19/2023
07/17/2023,YOU BOUGHT PAYPAL HLDGS INC COM (PYPL) (Margin),PYPL,PAYPAL HLDGS INC COM,Margin,2,73.76,0,0,0,-147.52,133.9,07/19/2023
07/17/2023,YOU SOLD CORSAIR GAMING INC COM (CRSR) (Margin),CRSR,CORSAIR GAMING INC COM,Margin,-5,17.52,0,0,0,87.6,281.42,07/19/2023
07/17/2023,YOU BOUGHT AMAZON.COM INC (AMZN) (Margin),AMZN,AMAZON.COM INC,Margin,0.5,133.77,0,0,0,-66.89,193.82,07/19/2023
07/11/2023,YOU BOUGHT TESLA INC COM (TSLA) (Margin),TSLA,TESLA INC COM,Margin,0.4,266.65,0,0,0,-106.66,260.71,07/13/2023
07/11/2023,YOU BOUGHT REVOLVE GROUP INC CL A (RVLV) (Margin),RVLV,REVOLVE GROUP INC CL A,Margin,22,17.65,0,0,0,-388.3,367.37,07/13/2023
07/11/2023,YOU BOUGHT PAYPAL HLDGS INC COM (PYPL) (Margin),PYPL,PAYPAL HLDGS INC COM,Margin,3,70.4,0,0,0,-211.21,755.67,07/13/2023
07/11/2023,YOU SOLD CORSAIR GAMING INC COM (CRSR) (Margin),CRSR,CORSAIR GAMING INC COM,Margin,-4,17.4,0,0,0,69.58,966.88,07/13/2023
07/11/2023,YOU BOUGHT AMAZON.COM INC (AMZN) (Margin),AMZN,AMAZON.COM INC,Margin,1,128.36,0,0,0,-128.36,897.3,07/13/2023
07/11/2023,YOU BOUGHT AMAZON.COM INC (AMZN) (Margin),AMZN,AMAZON.COM INC,Margin,0.5,128.37,0,0,0,-64.19,1025.66,07/13/2023
07/11/2023,YOU SOLD ACTIVISION BLIZZARD INC COM *CASH ME... (00507V109) (Margin),00507V109,ACTIVISION BLIZZARD INC COM *CASH MERGE,Margin,-6,91.58,0,0.01,0,549.47,1089.85,07/13/2023
07/05/2023,Electronic Funds Transfer Received (Cash),,No Description,Cash,0,0,0,0,0,100,404.38,
07/03/2023,YOU BOUGHT TESLA INC COM (TSLA) (Margin),TSLA,TESLA INC COM,Margin,0.1,278.65,0,0,0,-27.87,304.38,07/06/2023
07/03/2023,YOU BOUGHT PAYPAL HLDGS INC COM (PYPL) (Margin),PYPL,PAYPAL HLDGS INC COM,Margin,4,67.1,0,0,0,-268.4,332.25,07/06/2023
06/27/2023,YOU SOLD SEMLER SCIENTIFIC INC COM USD0.001 (SMLR) (Margin),SMLR,SEMLER SCIENTIFIC INC COM USD0.001,Margin,-3,25.95,0,0,0,77.85,598.78,06/29/2023
06/27/2023,YOU BOUGHT PAYPAL HLDGS INC COM (PYPL) (Margin),PYPL,PAYPAL HLDGS INC COM,Margin,1,66.67,0,0,0,-66.67,520.93,06/29/2023
06/27/2023,YOU BOUGHT OLAPLEX HLDGS INC COM (OLPX) (Margin),OLPX,OLAPLEX HLDGS INC COM,Margin,25,3.55,0,0,0,-88.75,587.6,06/29/2023
06/27/2023,YOU BOUGHT OLAPLEX HLDGS INC COM (OLPX) (Margin),OLPX,OLAPLEX HLDGS INC COM,Margin,20,3.55,0,0,0,-71,676.35,06/29/2023
06/23/2023,YOU BOUGHT PAYPAL HLDGS INC COM (PYPL) (Margin),PYPL,PAYPAL HLDGS INC COM,Margin,2,67.42,0,0,0,-134.84,747.35,06/27/2023
06/21/2023,Electronic Funds Transfer Received (Cash),,No Description,Cash,0,0,0,0,0,500,882.19,
06/13/2023,YOU BOUGHT SLEEP NUMBER CORP COM (SNBR) (Margin),SNBR,SLEEP NUMBER CORP COM,Margin,7,20.45,0,0,0,-143.15,380.02,06/15/2023
06/13/2023,YOU BOUGHT PAYPAL HLDGS INC COM (PYPL) (Margin),PYPL,PAYPAL HLDGS INC COM,Margin,4,63.55,0,0,0,-254.2,523.17,06/15/2023
06/13/2023,YOU SOLD CRICUT INC COM CL A (CRCT) (Margin),CRCT,CRICUT INC COM CL A,Margin,-10,15,0,0.01,0,149.99,777.37,06/15/2023
06/07/2023,YOU BOUGHT SLEEP NUMBER CORP COM (SNBR) (Margin),SNBR,SLEEP NUMBER CORP COM,Margin,2,19.5,0,0,0,-39,627.38,06/09/2023
06/07/2023,YOU BOUGHT PAYPAL HLDGS INC COM (PYPL) (Margin),PYPL,PAYPAL HLDGS INC COM,Margin,2,65.25,0,0,0,-130.5,666.38,06/09/2023
06/07/2023,YOU SOLD CORSAIR GAMING INC COM (CRSR) (Margin),CRSR,CORSAIR GAMING INC COM,Margin,-30,19.45,0,0.01,0,583.49,796.88,06/09/2023
06/05/2023,YOU SOLD TATTOOED CHEF INC COM CL A (TTCFQ) (Margin),TTCFQ,TATTOOED CHEF INC COM CL A,Margin,-100,0.53,0,0.01,0,53.01,213.39,06/07/2023
05/26/2023,YOU BOUGHT PAYPAL HLDGS INC COM (PYPL) (Margin),PYPL,PAYPAL HLDGS INC COM,Margin,3,60.11,0,0,0,-180.32,158.62,05/31/2023
05/26/2023,YOU BOUGHT PAYPAL HLDGS INC COM (PYPL) (Margin),PYPL,PAYPAL HLDGS INC COM,Margin,2,60.11,0,0,0,-120.22,338.94,05/31/2023
04/27/2023,Electronic Funds Transfer Received (Cash),,No Description,Cash,0,0,0,0,0,60,457.83,
03/21/2023,Electronic Funds Transfer Received (Cash),,No Description,Cash,0,0,0,0,0,190,394.73,
03/16/2023,YOU BOUGHT SEMLER SCIENTIFIC INC COM USD0.001 (SMLR) (Margin),SMLR,SEMLER SCIENTIFIC INC COM USD0.001,Margin,2,19.78,0,0,0,-39.56,204.73,03/20/2023
03/16/2023,YOU BOUGHT OLAPLEX HLDGS INC COM (OLPX) (Margin),OLPX,OLAPLEX HLDGS INC COM,Margin,8,3.93,0,0,0,-31.44,244.29,03/20/2023
03/16/2023,"YOU BOUGHT DROPBOX, INC. CLASS A COMMON STOCK (DBX) (Margin)",DBX,"DROPBOX, INC. CLASS A COMMON STOCK",Margin,4,19.96,0,0,0,-79.82,275.73,03/20/2023
02/27/2023,YOU BOUGHT PAYPAL HLDGS INC COM (PYPL) (Margin),PYPL,PAYPAL HLDGS INC COM,Margin,0.25,73.77,0,0,0,-18.44,174.16,03/01/2023
02/27/2023,"YOU BOUGHT DROPBOX, INC. CLASS A COMMON STOCK (DBX) (Margin)",DBX,"DROPBOX, INC. CLASS A COMMON STOCK",Margin,2,20.7,0,0,0,-41.4,192.6,03/01/2023
02/27/2023,YOU BOUGHT AMAZON.COM INC (AMZN) (Margin),AMZN,AMAZON.COM INC,Margin,2,94,0,0,0,-188,234,03/01/2023
02/27/2023,YOU BOUGHT ADOBE INC COM (ADBE) (Margin),ADBE,ADOBE INC COM,Margin,1,321,0,0,0,-321,422,03/01/2023
02/27/2023,Electronic Funds Transfer Received (Cash),,No Description,Cash,0,0,0,0,0,100,583,
02/10/2023,YOU BOUGHT AMAZON.COM INC (AMZN) (Margin),AMZN,AMAZON.COM INC,Margin,1,97.5,0,0,0,-97.5,427,02/14/2023
02/10/2023,Electronic Funds Transfer Received (Cash),,No Description,Cash,0,0,0,0,0,300,524.5,
02/07/2023,YOU BOUGHT AMAZON.COM INC (AMZN) (Margin),AMZN,AMAZON.COM INC,Margin,1,98.38,0,0,0,-98.38,224.5,02/09/2023
02/07/2023,YOU BOUGHT AMAZON.COM INC (AMZN) (Margin),AMZN,AMAZON.COM INC,Margin,0.7,98.38,0,0,0,-68.87,322.88,02/09/2023
1/30/2023,YOU BOUGHT TATTOOED CHEF INC COM CL A (TTCFQ) (Cash),TTCFQ,TATTOOED CHEF INC COM CL A,Cash,1.57,100,0,0,0,-1.57,390.16,2/1/2023
1/30/2023,YOU BOUGHT SLEEP NUMBER CORP COM (SNBR) (Cash),SNBR,SLEEP NUMBER CORP COM,Cash,31,33.09,0,0,0,-33.09,390.16,2/1/2023
1/30/2023,YOU BOUGHT SKYWORKS SOLUTIONS INC (SWKS) (Cash),SWKS,SKYWORKS SOLUTIONS INC,Cash,3.5,108.58,0,0,0,-108.58,390.16,2/1/2023
1/30/2023,YOU BOUGHT SEMLER SCIENTIFIC INC COM USD0.001 (SMLR) (Cash),SMLR,SEMLER SCIENTIFIC INC COM USD0.001,Cash,1,36.24,0,0,0,-36.24,390.16,2/1/2023
1/30/2023,YOU BOUGHT PINTEREST INC CL A (PINS) (Cash),PINS,PINTEREST INC CL A,Cash,86,25.92,0,0,0,-25.92,390.16,2/1/2023
1/30/2023,YOU BOUGHT PAYPAL HLDGS INC COM (PYPL) (Cash),PYPL,PAYPAL HLDGS INC COM,Cash,6.75,79.64,0,0,0,-79.64,390.16,2/1/2023
1/30/2023,YOU BOUGHT OLAPLEX HLDGS INC COM (OLPX) (Cash),OLPX,OLAPLEX HLDGS INC COM,Cash,22,6.11,0,0,0,-6.11,390.16,2/1/2023
1/30/2023,"YOU BOUGHT DROPBOX, INC. CLASS A COMMON STOCK (DBX) (Cash)",DBX,"DROPBOX, INC. CLASS A COMMON STOCK",Cash,82,22.95,0,0,0,-22.95,390.16,2/1/2023
1/30/2023,YOU BOUGHT CRICUT INC COM CL A (CRCT) (Cash),CRCT,CRICUT INC COM CL A,Cash,160,9.76,0,0,0,-9.76,390.16,2/1/2023
1/30/2023,YOU BOUGHT CORSAIR GAMING INC COM (CRSR) (Cash),CRSR,CORSAIR GAMING INC COM,Cash,174,15.53,0,0,0,-15.53,390.16,2/1/2023
1/30/2023,YOU BOUGHT ALIBABA GROUP HOLDING LTD SPON ADS EACH (BABA) (Cash),BABA,ALIBABA GROUP HOLDING LTD SPON ADS EACH,Cash,8,111.2,0,0,0,-111.2,390.16,2/1/2023
1/30/2023,YOU BOUGHT WIX.COM LTD COM ILS0.01 (WIX) (Cash),WIX,WIX.COM LTD COM ILS0.01,Cash,6,85.72,0,0,0,-85.72,390.16,2/1/2023
1/19/2023,YOU BOUGHT ALPHABET INC CAP STK CL A (GOOGL) (Cash),GOOGL,ALPHABET INC CAP STK CL A,Cash,0.3,92.97,0,0,0,-92.97,0,1/21/2023
1/19/2023,YOU BOUGHT AMAZON.COM INC (AMZN) (Cash),AMZN,AMAZON.COM INC,Cash,0.3,93.97,0,0,0,-93.97,0,1/21/2023
1/11/2023,YOU BOUGHT ALPHABET INC CAP STK CL A (GOOGL) (Cash),GOOGL,ALPHABET INC CAP STK CL A,Cash,0.5,91.34,0,0,0,-91.34,0,1/13/2023
1/11/2023,YOU BOUGHT AMAZON.COM INC (AMZN) (Cash),AMZN,AMAZON.COM INC,Cash,0.25,94.92,0,0,0,-94.92,0,1/13/2023
12/22/2022,YOU BOUGHT PAYPAL HLDGS INC COM (PYPL) (Cash),PYPL,PAYPAL HLDGS INC COM,Cash,0.75,66.67,0,0,0,-66.67,0,12/24/2022
12/22/2022,YOU BOUGHT META PLATFORMS INC CLASS A COMMON STOCK (META) (Cash),META,META PLATFORMS INC CLASS A COMMON STOCK,Cash,0.4,115.1,0,0,0,-115.1,0,12/24/2022
12/22/2022,YOU BOUGHT ALPHABET INC CAP STK CL A (GOOGL) (Cash),GOOGL,ALPHABET INC CAP STK CL A,Cash,0.25,86.52,0,0,0,-86.52,0,12/24/2022
12/22/2022,YOU BOUGHT AMAZON.COM INC (AMZN) (Cash),AMZN,AMAZON.COM INC,Cash,0.55,82.49,0,0,0,-82.49,0,12/24/2022
12/14/2022,YOU BOUGHT PAYPAL HLDGS INC COM (PYPL) (Cash),PYPL,PAYPAL HLDGS INC COM,Cash,0.5,73.46,0,0,0,-73.46,0,12/16/2022
12/14/2022,YOU BOUGHT AMAZON.COM INC (AMZN) (Cash),AMZN,AMAZON.COM INC,Cash,0.2,92.35,0,0,0,-92.35,0,12/16/2022
12/5/2022,YOU BOUGHT PAYPAL HLDGS INC COM (PYPL) (Cash),PYPL,PAYPAL HLDGS INC COM,Cash,0.5,73.26,0,0,0,-73.26,0,12/7/2022
12/5/2022,YOU BOUGHT AMAZON.COM INC (AMZN) (Cash),AMZN,AMAZON.COM INC,Cash,1,91.24,0,0,0,-91.24,0,12/7/2022
11/8/2022,YOU BOUGHT META PLATFORMS INC CLASS A COMMON STOCK (META) (Cash),META,META PLATFORMS INC CLASS A COMMON STOCK,Cash,0.6,95.68,0,0,0,-95.68,0,11/10/2022
11/8/2022,YOU BOUGHT ALPHABET INC CAP STK CL A (GOOGL) (Cash),GOOGL,ALPHABET INC CAP STK CL A,Cash,0.75,88.32,0,0,0,-88.32,0,11/10/2022
11/8/2022,YOU BOUGHT AMAZON.COM INC (AMZN) (Cash),AMZN,AMAZON.COM INC,Cash,0.6,89.22,0,0,0,-89.22,0,11/10/2022
10/31/2022,YOU BOUGHT META PLATFORMS INC CLASS A COMMON STOCK (META) (Cash),META,META PLATFORMS INC CLASS A COMMON STOCK,Cash,0.5,92.78,0,0,0,-92.78,0,11/2/2022
10/31/2022,YOU BOUGHT META PLATFORMS INC CLASS A COMMON STOCK (META) (Cash),META,META PLATFORMS INC CLASS A COMMON STOCK,Cash,2,92.78,0,0,0,-92.78,0,11/2/2022
10/26/2022,YOU BOUGHT META PLATFORMS INC CLASS A COMMON STOCK (META) (Cash),META,META PLATFORMS INC CLASS A COMMON STOCK,Cash,1,129.6,0,0,0,-129.6,0,10/28/2022
10/26/2022,YOU BOUGHT ALPHABET INC CAP STK CL A (GOOGL) (Cash),GOOGL,ALPHABET INC CAP STK CL A,Cash,0.5,95.04,0,0,0,-95.04,0,10/28/2022
10/13/2022,YOU BOUGHT META PLATFORMS INC CLASS A COMMON STOCK (META) (Cash),META,META PLATFORMS INC CLASS A COMMON STOCK,Cash,1,123.76,0,0,0,-123.76,0,10/15/2022
9/27/2022,YOU BOUGHT META PLATFORMS INC CLASS A COMMON STOCK (META) (Cash),META,META PLATFORMS INC CLASS A COMMON STOCK,Cash,1,137.92,0,0,0,-137.92,0,9/29/2022
9/21/2022,YOU BOUGHT ALPHABET INC CAP STK CL A (GOOGL) (Cash),GOOGL,ALPHABET INC CAP STK CL A,Cash,0.75,101.83,0,0,0,-101.83,0,9/23/2022
9/20/2022,YOU BOUGHT ALPHABET INC CAP STK CL A (GOOGL) (Cash),GOOGL,ALPHABET INC CAP STK CL A,Cash,0.25,100.76,0,0,0,-100.76,0,9/22/2022
9/19/2022,YOU BOUGHT ALPHABET INC CAP STK CL A (GOOGL) (Cash),GOOGL,ALPHABET INC CAP STK CL A,Cash,0.5,102.16,0,0,0,-102.16,0,9/21/2022
9/13/2022,YOU BOUGHT META PLATFORMS INC CLASS A COMMON STOCK (META) (Cash),META,META PLATFORMS INC CLASS A COMMON STOCK,Cash,0.3,156.53,0,0,0,-156.53,0,9/15/2022
9/13/2022,YOU BOUGHT ALPHABET INC CAP STK CL A (GOOGL) (Cash),GOOGL,ALPHABET INC CAP STK CL A,Cash,1,105.78,0,0,0,-105.78,0,9/15/2022
9/12/2022,YOU BOUGHT META PLATFORMS INC CLASS A COMMON STOCK (META) (Cash),META,META PLATFORMS INC CLASS A COMMON STOCK,Cash,0.2,168.2,0,0,0,-168.2,0,9/14/2022
9/12/2022,YOU BOUGHT ALPHABET INC CAP STK CL A (GOOGL) (Cash),GOOGL,ALPHABET INC CAP STK CL A,Cash,0.25,110.36,0,0,0,-110.36,0,9/14/2022
8/29/2022,YOU BOUGHT META PLATFORMS INC CLASS A COMMON STOCK (META) (Cash),META,META PLATFORMS INC CLASS A COMMON STOCK,Cash,0.25,160.44,0,0,0,-160.44,0,8/31/2022
8/29/2022,YOU BOUGHT ALPHABET INC CAP STK CL A (GOOGL) (Cash),GOOGL,ALPHABET INC CAP STK CL A,Cash,0.35,109.86,0,0,0,-109.86,0,8/31/2022
8/24/2022,YOU BOUGHT META PLATFORMS INC CLASS A COMMON STOCK (META) (Cash),META,META PLATFORMS INC CLASS A COMMON STOCK,Cash,0.25,163.6,0,0,0,-163.6,0,8/26/2022
8/22/2022,YOU BOUGHT META PLATFORMS INC CLASS A COMMON STOCK (META) (Cash),META,META PLATFORMS INC CLASS A COMMON STOCK,Cash,0.25,162.96,0,0,0,-162.96,0,8/24/2022
8/19/2022,YOU BOUGHT META PLATFORMS INC CLASS A COMMON STOCK (META) (Cash),META,META PLATFORMS INC CLASS A COMMON STOCK,Cash,0.25,169.04,0,0,0,-169.04,0,8/21/2022
7/26/2022,YOU BOUGHT META PLATFORMS INC CLASS A COMMON STOCK (META) (Cash),META,META PLATFORMS INC CLASS A COMMON STOCK,Cash,0.25,160,0,0,0,-160,0,7/28/2022
7/26/2022,YOU BOUGHT ALPHABET INC CAP STK CL A (GOOGL) (Cash),GOOGL,ALPHABET INC CAP STK CL A,Cash,0.15,104.8,0,0,0,-104.8,0,7/28/2022
7/26/2022,YOU BOUGHT AMAZON.COM INC (AMZN) (Cash),AMZN,AMAZON.COM INC,Cash,0.1,115.1,0,0,0,-115.1,0,7/28/2022
7/22/2022,YOU BOUGHT META PLATFORMS INC CLASS A COMMON STOCK (META) (Cash),META,META PLATFORMS INC CLASS A COMMON STOCK,Cash,0.25,169.48,0,0,0,-169.48,0,7/24/2022
7/22/2022,YOU BOUGHT ALPHABET INC CAP STK CL A (GOOGL) (Cash),GOOGL,ALPHABET INC CAP STK CL A,Cash,0.25,107.96,0,0,0,-107.96,0,7/24/2022
7/11/2022,YOU BOUGHT PAYPAL HLDGS INC COM (PYPL) (Cash),PYPL,PAYPAL HLDGS INC COM,Cash,0.25,70.68,0,0,0,-70.68,0,7/13/2022
7/5/2022,YOU BOUGHT PAYPAL HLDGS INC COM (PYPL) (Cash),PYPL,PAYPAL HLDGS INC COM,Cash,0.25,73.28,0,0,0,-73.28,0,7/7/2022
7/5/2022,YOU BOUGHT AMAZON.COM INC (AMZN) (Cash),AMZN,AMAZON.COM INC,Cash,0.1,111.9,0,0,0,-111.9,0,7/7/2022
6/21/2022,YOU BOUGHT META PLATFORMS INC CLASS A COMMON STOCK (META) (Cash),META,META PLATFORMS INC CLASS A COMMON STOCK,Cash,0.5,159.04,0,0,0,-159.04,0,6/23/2022
6/13/2022,YOU BOUGHT META PLATFORMS INC CLASS A COMMON STOCK (META) (Cash),META,META PLATFORMS INC CLASS A COMMON STOCK,Cash,0.1,168,0,0,0,-168,0,6/15/2022
6/13/2022,YOU BOUGHT AMAZON.COM INC (AMZN) (Cash),AMZN,AMAZON.COM INC,Cash,0.2,103.8,0,0,0,-103.8,0,6/15/2022
5/24/2022,YOU BOUGHT META PLATFORMS INC CLASS A COMMON STOCK (META) (Cash),META,META PLATFORMS INC CLASS A COMMON STOCK,Cash,0.15,178.4,0,0,0,-178.4,0,5/26/2022
5/24/2022,YOU BOUGHT ALPHABET INC CAP STK CL A (GOOGL) (Cash),GOOGL,ALPHABET INC CAP STK CL A,Cash,0.3,104.27,0,0,0,-104.27,0,5/26/2022
5/20/2022,YOU BOUGHT PAYPAL HLDGS INC COM (PYPL) (Cash),PYPL,PAYPAL HLDGS INC COM,Cash,0.3,77.87,0,0,0,-77.87,0,5/22/2022
5/20/2022,YOU BOUGHT ALPHABET INC CAP STK CL A (GOOGL) (Cash),GOOGL,ALPHABET INC CAP STK CL A,Cash,0.2,106.05,0,0,0,-106.05,0,5/22/2022
5/16/2022,YOU BOUGHT PAYPAL HLDGS INC COM (PYPL) (Cash),PYPL,PAYPAL HLDGS INC COM,Cash,0.25,78.16,0,0,0,-78.16,0,5/18/2022
5/13/2022,YOU BOUGHT PAYPAL HLDGS INC COM (PYPL) (Cash),PYPL,PAYPAL HLDGS INC COM,Cash,0.2,78.1,0,0,0,-78.1,0,5/15/2022
5/5/2022,YOU BOUGHT PAYPAL HLDGS INC COM (PYPL) (Cash),PYPL,PAYPAL HLDGS INC COM,Cash,0.425,85.95,0,0,0,-85.95,0,5/7/2022
5/5/2022,YOU BOUGHT ALPHABET INC CAP STK CL A (GOOGL) (Cash),GOOGL,ALPHABET INC CAP STK CL A,Cash,0.5,116.54,0,0,0,-116.54,0,5/7/2022
5/5/2022,YOU BOUGHT AMAZON.COM INC (AMZN) (Cash),AMZN,AMAZON.COM INC,Cash,0.5,117.3,0,0,0,-117.3,0,5/7/2022
5/2/2022,YOU BOUGHT ALPHABET INC CAP STK CL A (GOOGL) (Cash),GOOGL,ALPHABET INC CAP STK CL A,Cash,0.1,115,0,0,0,-115,0,5/4/2022
5/2/2022,YOU BOUGHT AMAZON.COM INC (AMZN) (Cash),AMZN,AMAZON.COM INC,Cash,0.1,121.5,0,0,0,-121.5,0,5/4/2022
4/26/2022,YOU BOUGHT PAYPAL HLDGS INC COM (PYPL) (Cash),PYPL,PAYPAL HLDGS INC COM,Cash,0.075,85.07,0,0,0,-85.07,0,4/28/2022
4/22/2022,YOU BOUGHT PAYPAL HLDGS INC COM (PYPL) (Cash),PYPL,PAYPAL HLDGS INC COM,Cash,0.75,86.51,0,0,0,-86.51,0,4/24/2022
4/22/2022,YOU BOUGHT ALPHABET INC CAP STK CL A (GOOGL) (Cash),GOOGL,ALPHABET INC CAP STK CL A,Cash,0.2,120.2,0,0,0,-120.2,0,4/24/2022
4/13/2022,YOU BOUGHT PAYPAL HLDGS INC COM (PYPL) (Cash),PYPL,PAYPAL HLDGS INC COM,Cash,0.5,104.6,0,0,0,-104.6,0,4/15/2022
3/15/2022,YOU BOUGHT META PLATFORMS INC CLASS A COMMON STOCK (META) (Cash),META,META PLATFORMS INC CLASS A COMMON STOCK,Cash,0.15,186.47,0,0,0,-186.47,0,3/17/2022
3/15/2022,YOU BOUGHT META PLATFORMS INC CLASS A COMMON STOCK (META) (Cash),META,META PLATFORMS INC CLASS A COMMON STOCK,Cash,0.1,187.1,0,0,0,-187.1,0,3/17/2022
3/7/2022,YOU BOUGHT PAYPAL HLDGS INC COM (PYPL) (Cash),PYPL,PAYPAL HLDGS INC COM,Cash,0.5,96.82,0,0,0,-96.82,0,3/9/2022
3/7/2022,YOU BOUGHT META PLATFORMS INC CLASS A COMMON STOCK (META) (Cash),META,META PLATFORMS INC CLASS A COMMON STOCK,Cash,0.25,190.2,0,0,0,-190.2,0,3/9/2022
3/7/2022,YOU BOUGHT META PLATFORMS INC CLASS A COMMON STOCK (META) (Cash),META,META PLATFORMS INC CLASS A COMMON STOCK,Cash,0.25,189.56,0,0,0,-189.56,0,3/9/2022
3/7/2022,YOU BOUGHT ALPHABET INC CAP STK CL A (GOOGL) (Cash),GOOGL,ALPHABET INC CAP STK CL A,Cash,0.2,127.75,0,0,0,-127.75,0,3/9/2022
3/4/2022,YOU BOUGHT PAYPAL HLDGS INC COM (PYPL) (Cash),PYPL,PAYPAL HLDGS INC COM,Cash,0.5,99.96,0,0,0,-99.96,0,3/6/2022
3/2/2022,YOU BOUGHT PAYPAL HLDGS INC COM (PYPL) (Cash),PYPL,PAYPAL HLDGS INC COM,Cash,1,105.81,0,0,0,-105.81,0,3/4/2022
3/1/2022,YOU BOUGHT META PLATFORMS INC CLASS A COMMON STOCK (META) (Cash),META,META PLATFORMS INC CLASS A COMMON STOCK,Cash,0.5,209.8,0,0,0,-209.8,0,3/3/2022
2/28/2022,YOU BOUGHT META PLATFORMS INC CLASS A COMMON STOCK (META) (Cash),META,META PLATFORMS INC CLASS A COMMON STOCK,Cash,0.35,208.77,0,0,0,-208.77,0,3/2/2022
2/24/2022,YOU BOUGHT META PLATFORMS INC CLASS A COMMON STOCK (META) (Cash),META,META PLATFORMS INC CLASS A COMMON STOCK,Cash,0.15,194.93,0,0,0,-194.93,0,2/26/2022
2/23/2022,YOU BOUGHT META PLATFORMS INC CLASS A COMMON STOCK (META) (Cash),META,META PLATFORMS INC CLASS A COMMON STOCK,Cash,0.75,199.99,0,0,0,-199.99,0,2/25/2022
2/23/2022,YOU BOUGHT ALPHABET INC CAP STK CL A (GOOGL) (Cash),GOOGL,ALPHABET INC CAP STK CL A,Cash,0.2,128.5,0,0,0,-128.5,0,2/25/2022
2/22/2022,YOU BOUGHT META PLATFORMS INC CLASS A COMMON STOCK (META) (Cash),META,META PLATFORMS INC CLASS A COMMON STOCK,Cash,0.25,200.68,0,0,0,-200.68,0,2/24/2022
2/22/2022,YOU BOUGHT META PLATFORMS INC CLASS A COMMON STOCK (META) (Cash),META,META PLATFORMS INC CLASS A COMMON STOCK,Cash,0.5,203.7,0,0,0,-203.7,0,2/24/2022
2/18/2022,YOU BOUGHT META PLATFORMS INC CLASS A COMMON STOCK (META) (Cash),META,META PLATFORMS INC CLASS A COMMON STOCK,Cash,0.25,207.2,0,0,0,-207.2,0,2/20/2022
2/17/2022,YOU BOUGHT META PLATFORMS INC CLASS A COMMON STOCK (META) (Cash),META,META PLATFORMS INC CLASS A COMMON STOCK,Cash,0.2,208.6,0,0,0,-208.6,0,2/19/2022
2/17/2022,YOU BOUGHT META PLATFORMS INC CLASS A COMMON STOCK (META) (Cash),META,META PLATFORMS INC CLASS A COMMON STOCK,Cash,0.05,214.8,0,0,0,-214.8,0,2/19/2022
2/17/2022,YOU BOUGHT ALPHABET INC CAP STK CL A (GOOGL) (Cash),GOOGL,ALPHABET INC CAP STK CL A,Cash,0.2,133.35,0,0,0,-133.35,0,2/19/2022
2/11/2022,YOU BOUGHT META PLATFORMS INC CLASS A COMMON STOCK (META) (Cash),META,META PLATFORMS INC CLASS A COMMON STOCK,Cash,0.25,226.04,0,0,0,-226.04,0,2/13/2022
2/11/2022,YOU BOUGHT ALPHABET INC CAP STK CL A (GOOGL) (Cash),GOOGL,ALPHABET INC CAP STK CL A,Cash,0.2,134.1,0,0,0,-134.1,0,2/13/2022
2/8/2022,YOU BOUGHT META PLATFORMS INC CLASS A COMMON STOCK (META) (Cash),META,META PLATFORMS INC CLASS A COMMON STOCK,Cash,0.25,219.24,0,0,0,-219.24,0,2/10/2022
2/8/2022,YOU BOUGHT META PLATFORMS INC CLASS A COMMON STOCK (META) (Cash),META,META PLATFORMS INC CLASS A COMMON STOCK,Cash,0.5,220.74,0,0,0,-220.74,0,2/10/2022
2/7/2022,YOU BOUGHT META PLATFORMS INC CLASS A COMMON STOCK (META) (Cash),META,META PLATFORMS INC CLASS A COMMON STOCK,Cash,0.5,227.02,0,0,0,-227.02,0,2/9/2022
2/7/2022,YOU BOUGHT META PLATFORMS INC CLASS A COMMON STOCK (META) (Cash),META,META PLATFORMS INC CLASS A COMMON STOCK,Cash,0.25,230.72,0,0,0,-230.72,0,2/9/2022
2/7/2022,YOU BOUGHT META PLATFORMS INC CLASS A COMMON STOCK (META) (Cash),META,META PLATFORMS INC CLASS A COMMON STOCK,Cash,0.25,233.64,0,0,0,-233.64,0,2/9/2022
2/7/2022,YOU BOUGHT META PLATFORMS INC CLASS A COMMON STOCK (META) (Cash),META,META PLATFORMS INC CLASS A COMMON STOCK,Cash,0.65,236.02,0,0,0,-236.02,0,2/9/2022
2/4/2022,YOU BOUGHT META PLATFORMS INC CLASS A COMMON STOCK (META) (Cash),META,META PLATFORMS INC CLASS A COMMON STOCK,Cash,0.15,237.8,0,0,0,-237.8,0,2/6/2022
2/4/2022,YOU BOUGHT META PLATFORMS INC CLASS A COMMON STOCK (META) (Cash),META,META PLATFORMS INC CLASS A COMMON STOCK,Cash,0.2,233.15,0,0,0,-233.15,0,2/6/2022
2/4/2022,YOU BOUGHT META PLATFORMS INC CLASS A COMMON STOCK (META) (Cash),META,META PLATFORMS INC CLASS A COMMON STOCK,Cash,0.25,232.36,0,0,0,-232.36,0,2/6/2022
2/3/2022,YOU BOUGHT META PLATFORMS INC CLASS A COMMON STOCK (META) (Cash),META,META PLATFORMS INC CLASS A COMMON STOCK,Cash,0.25,242.56,0,0,0,-242.56,0,2/5/2022
2/3/2022,YOU BOUGHT META PLATFORMS INC CLASS A COMMON STOCK (META) (Cash),META,META PLATFORMS INC CLASS A COMMON STOCK,Cash,0.25,239.84,0,0,0,-239.84,0,2/5/2022
2/3/2022,YOU BOUGHT META PLATFORMS INC CLASS A COMMON STOCK (META) (Cash),META,META PLATFORMS INC CLASS A COMMON STOCK,Cash,0.25,240.04,0,0,0,-240.04,0,2/5/2022
2/3/2022,YOU BOUGHT META PLATFORMS INC CLASS A COMMON STOCK (META) (Cash),META,META PLATFORMS INC CLASS A COMMON STOCK,Cash,0.6,245.03,0,0,0,-245.03,0,2/5/2022
2/3/2022,YOU BOUGHT AMAZON.COM INC (AMZN) (Cash),AMZN,AMAZON.COM INC,Cash,0.2,139.5,0,0,0,-139.5,0,2/5/2022
2/3/2022,YOU BOUGHT AMAZON.COM INC (AMZN) (Cash),AMZN,AMAZON.COM INC,Cash,0.1,141,0,0,0,-141,0,2/5/2022
2/2/2022,YOU BOUGHT META PLATFORMS INC CLASS A COMMON STOCK (META) (Cash),META,META PLATFORMS INC CLASS A COMMON STOCK,Cash,0.1,321.5,0,0,0,-321.5,0,2/4/2022
1/28/2022,YOU BOUGHT META PLATFORMS INC CLASS A COMMON STOCK (META) (Cash),META,META PLATFORMS INC CLASS A COMMON STOCK,Cash,0.05,296.2,0,0,0,-296.2,0,1/30/2022
1/25/2022,YOU BOUGHT META PLATFORMS INC CLASS A COMMON STOCK (META) (Cash),META,META PLATFORMS INC CLASS A COMMON STOCK,Cash,0.15,298.8,0,0,0,-298.8,0,1/27/2022
1/24/2022,YOU BOUGHT ALPHABET INC CAP STK CL A (GOOGL) (Cash),GOOGL,ALPHABET INC CAP STK CL A,Cash,0.4,127.1,0,0,0,-127.1,0,1/26/2022
1/21/2022,YOU BOUGHT META PLATFORMS INC CLASS A COMMON STOCK (META) (Cash),META,META PLATFORMS INC CLASS A COMMON STOCK,Cash,0.1,305.6,0,0,0,-305.6,0,1/23/2022
1/21/2022,YOU BOUGHT META PLATFORMS INC CLASS A COMMON STOCK (META) (Cash),META,META PLATFORMS INC CLASS A COMMON STOCK,Cash,0.25,309.36,0,0,0,-309.36,0,1/23/2022
1/21/2022,YOU BOUGHT AMAZON.COM INC (AMZN) (Cash),AMZN,AMAZON.COM INC,Cash,0.2,148.85,0,0,0,-148.85,0,1/23/2022
1/20/2022,YOU BOUGHT AMAZON.COM INC (AMZN) (Cash),AMZN,AMAZON.COM INC,Cash,0.3,152.33,0,0,0,-152.33,0,1/22/2022
1/18/2022,YOU BOUGHT META PLATFORMS INC CLASS A COMMON STOCK (META) (Cash),META,META PLATFORMS INC CLASS A COMMON STOCK,Cash,0.1,321.3,0,0,0,-321.3,0,1/20/2022
1/18/2022,YOU BOUGHT ALPHABET INC CAP STK CL A (GOOGL) (Cash),GOOGL,ALPHABET INC CAP STK CL A,Cash,0.26,135.77,0,0,0,-135.77,0,1/20/2022
1/18/2022,YOU BOUGHT AMAZON.COM INC (AMZN) (Cash),AMZN,AMAZON.COM INC,Cash,0.4,162,0,0,0,-162,0,1/20/2022
1/18/2022,YOU BOUGHT AMAZON.COM INC (AMZN) (Cash),AMZN,AMAZON.COM INC,Cash,0.2,170.4,0,0,0,-170.4,0,1/20/2022
1/10/2022,YOU BOUGHT META PLATFORMS INC CLASS A COMMON STOCK (META) (Cash),META,META PLATFORMS INC CLASS A COMMON STOCK,Cash,0.15,320.07,0,0,0,-320.07,0,1/12/2022
1/10/2022,YOU BOUGHT META PLATFORMS INC CLASS A COMMON STOCK (META) (Cash),META,META PLATFORMS INC CLASS A COMMON STOCK,Cash,0.3,321.73,0,0,0,-321.73,0,1/12/2022
1/10/2022,YOU BOUGHT ALPHABET INC CAP STK CL A (GOOGL) (Cash),GOOGL,ALPHABET INC CAP STK CL A,Cash,0.24,134.29,0,0,0,-134.29,0,1/12/2022
1/10/2022,YOU BOUGHT AMAZON.COM INC (AMZN) (Cash),AMZN,AMAZON.COM INC,Cash,0.4,157.6,0,0,0,-157.6,0,1/12/2022
1/6/2022,YOU BOUGHT AMAZON.COM INC (AMZN) (Cash),AMZN,AMAZON.COM INC,Cash,0.5,162.7,0,0,0,-162.7,0,1/8/2022
1/5/2022,YOU BOUGHT META PLATFORMS INC CLASS A COMMON STOCK (META) (Cash),META,META PLATFORMS INC CLASS A COMMON STOCK,Cash,0.2,332.55,0,0,0,-332.55,0,1/7/2022
1/5/2022,YOU BOUGHT ALPHABET INC CAP STK CL A (GOOGL) (Cash),GOOGL,ALPHABET INC CAP STK CL A,Cash,0.3,138.97,0,0,0,-138.97,0,1/7/2022
1/5/2022,YOU BOUGHT AMAZON.COM INC (AMZN) (Cash),AMZN,AMAZON.COM INC,Cash,0.2,165.5,0,0,0,-165.5,0,1/7/2022
1/4/2022,YOU BOUGHT AMAZON.COM INC (AMZN) (Cash),AMZN,AMAZON.COM INC,Cash,0.26,167.15,0,0,0,-167.15,0,1/6/2022
12/29/2021,YOU BOUGHT AMAZON.COM INC (AMZN) (Cash),AMZN,AMAZON.COM INC,Cash,0.24,169,0,0,0,-169,0,12/31/2021
12/14/2021,YOU BOUGHT ALPHABET INC CAP STK CL A (GOOGL) (Cash),GOOGL,ALPHABET INC CAP STK CL A,Cash,0.2,141.9,0,0,0,-141.9,0,12/16/2021
12/3/2021,YOU BOUGHT META PLATFORMS INC CLASS A COMMON STOCK (META) (Cash),META,META PLATFORMS INC CLASS A COMMON STOCK,Cash,0.5,300.24,0,0,0,-300.24,0,12/5/2021
12/1/2021,YOU BOUGHT META PLATFORMS INC CLASS A COMMON STOCK (META) (Cash),META,META PLATFORMS INC CLASS A COMMON STOCK,Cash,0.25,312.2,0,0,0,-312.2,0,12/3/2021
11/30/2021,YOU BOUGHT META PLATFORMS INC CLASS A COMMON STOCK (META) (Cash),META,META PLATFORMS INC CLASS A COMMON STOCK,Cash,0.25,328.16,0,0,0,-328.16,0,12/2/2021
10/22/2021,YOU BOUGHT META PLATFORMS INC CLASS A COMMON STOCK (META) (Cash),META,META PLATFORMS INC CLASS A COMMON STOCK,Cash,0.25,323.68,0,0,0,-323.68,0,10/24/2021
10/4/2021,YOU BOUGHT META PLATFORMS INC CLASS A COMMON STOCK (META) (Cash),META,META PLATFORMS INC CLASS A COMMON STOCK,Cash,0.25,323.8,0,0,0,-323.8,0,10/6/2021
10/4/2021,YOU BOUGHT META PLATFORMS INC CLASS A COMMON STOCK (META) (Cash),META,META PLATFORMS INC CLASS A COMMON STOCK,Cash,1,335.79,0,0,0,-335.79,0,10/6/2021
9/22/2021,YOU BOUGHT META PLATFORMS INC CLASS A COMMON STOCK (META) (Cash),META,META PLATFORMS INC CLASS A COMMON STOCK,Cash,0.3,344.7,0,0,0,-344.7,0,9/24/2021
9/20/2021,YOU BOUGHT META PLATFORMS INC CLASS A COMMON STOCK (META) (Cash),META,META PLATFORMS INC CLASS A COMMON STOCK,Cash,0.2,351.3,0,0,0,-351.3,0,9/22/2021
9/20/2021,YOU BOUGHT AMAZON.COM INC (AMZN) (Cash),AMZN,AMAZON.COM INC,Cash,0.5,165.9,0,0,0,-165.9,0,9/22/2021
8/18/2021,YOU BOUGHT AMAZON.COM INC (AMZN) (Cash),AMZN,AMAZON.COM INC,Cash,1.2,162.1,0,0,0,-162.1,0,8/20/2021
8/5/2021,YOU BOUGHT AMAZON.COM INC (AMZN) (Cash),AMZN,AMAZON.COM INC,Cash,0.3,168.77,0,0,0,-168.77,0,8/7/2021
8/3/2021,YOU BOUGHT AMAZON.COM INC (AMZN) (Cash),AMZN,AMAZON.COM INC,Cash,1,167.04,0,0,0,-167.04,0,8/5/2021
8/2/2021,YOU BOUGHT AMAZON.COM INC (AMZN) (Cash),AMZN,AMAZON.COM INC,Cash,0.5,167.66,0,0,0,-167.66,0,8/4/2021
7/30/2021,YOU BOUGHT META PLATFORMS INC CLASS A COMMON STOCK (META) (Cash),META,META PLATFORMS INC CLASS A COMMON STOCK,Cash,0.5,353.86,0,0,0,-353.86,0,8/1/2021
7/30/2021,YOU BOUGHT AMAZON.COM INC (AMZN) (Cash),AMZN,AMAZON.COM INC,Cash,0.6,167.33,0,0,0,-167.33,0,8/1/2021
7/19/2021,YOU BOUGHT META PLATFORMS INC CLASS A COMMON STOCK (META) (Cash),META,META PLATFORMS INC CLASS A COMMON STOCK,Cash,0.45,338.09,0,0,0,-338.09,0,7/21/2021
6/4/2021,YOU BOUGHT AMAZON.COM INC (AMZN) (Cash),AMZN,AMAZON.COM INC,Cash,0.4,160.58,0,0,0,-160.58,0,6/6/2021
5/24/2021,YOU BOUGHT AMAZON.COM INC (AMZN) (Cash),AMZN,AMAZON.COM INC,Cash,0.5,161.3,0,0,0,-161.3,0,5/26/2021
5/11/2021,YOU BOUGHT AMAZON.COM INC (AMZN) (Cash),AMZN,AMAZON.COM INC,Cash,0.4,158.65,0,0,0,-158.65,0,5/13/2021
3/24/2021,YOU BOUGHT META PLATFORMS INC CLASS A COMMON STOCK (META) (Cash),META,META PLATFORMS INC CLASS A COMMON STOCK,Cash,0.85,289.27,0,0,0,-289.27,0,3/26/2021
3/24/2021,YOU BOUGHT META PLATFORMS INC CLASS A COMMON STOCK (META) (Cash),META,META PLATFORMS INC CLASS A COMMON STOCK,Cash,1,289.26,0,0,0,-289.26,0,3/26/2021
3/12/2021,YOU BOUGHT META PLATFORMS INC CLASS A COMMON STOCK (META) (Cash),META,META PLATFORMS INC CLASS A COMMON STOCK,Cash,0.1,265,0,0,0,-265,0,3/14/2021
3/4/2021,YOU BOUGHT META PLATFORMS INC CLASS A COMMON STOCK (META) (Cash),META,META PLATFORMS INC CLASS A COMMON STOCK,Cash,0.1,256.2,0,0,0,-256.2,0,3/6/2021
3/3/2021,YOU BOUGHT META PLATFORMS INC CLASS A COMMON STOCK (META) (Cash),META,META PLATFORMS INC CLASS A COMMON STOCK,Cash,0.15,256.73,0,0,0,-256.73,0,3/5/2021
2/25/2021,YOU BOUGHT META PLATFORMS INC CLASS A COMMON STOCK (META) (Cash),META,META PLATFORMS INC CLASS A COMMON STOCK,Cash,0.15,258.73,0,0,0,-258.73,0,2/27/2021
2/24/2021,YOU BOUGHT META PLATFORMS INC CLASS A COMMON STOCK (META) (Cash),META,META PLATFORMS INC CLASS A COMMON STOCK,Cash,0.2,260.85,0,0,0,-260.85,0,2/26/2021
2/22/2021,YOU BOUGHT META PLATFORMS INC CLASS A COMMON STOCK (META) (Cash),META,META PLATFORMS INC CLASS A COMMON STOCK,Cash,0.2,260.95,0,0,0,-260.95,0,2/24/2021
2/19/2021,YOU BOUGHT META PLATFORMS INC CLASS A COMMON STOCK (META) (Cash),META,META PLATFORMS INC CLASS A COMMON STOCK,Cash,0.05,266.4,0,0,0,-266.4,0,2/21/2021
2/17/2021,YOU BOUGHT META PLATFORMS INC CLASS A COMMON STOCK (META) (Cash),META,META PLATFORMS INC CLASS A COMMON STOCK,Cash,0.125,270.24,0,0,0,-270.24,0,2/19/2021
2/11/2021,YOU BOUGHT META PLATFORMS INC CLASS A COMMON STOCK (META) (Cash),META,META PLATFORMS INC CLASS A COMMON STOCK,Cash,0.025,270,0,0,0,-270,0,2/13/2021
2/9/2021,YOU BOUGHT META PLATFORMS INC CLASS A COMMON STOCK (META) (Cash),META,META PLATFORMS INC CLASS A COMMON STOCK,Cash,0.1,270,0,0,0,-270,0,2/11/2021